,Shape
0,
1,
2,
3,
4,
5,
6,
7,
8,
9,
10,
11,
12,
13,
14,
15,
16,
17,
18,pedunculated
19,sessile
20,
21,
22,
23,
24,
25,
26,flat
27,
28,
29,
30,
31,
32,
33,
34,
35,
36,
37,
38,
39,
40,
41,
42,
43,flat
44,
45,
46,
47,
48,
49,
50,pedunculated
51,
52,
53,
54,
55,
56,
57,
58,
59,sessile
60,
61,sessile
62,sessile
63,
64,flat
65,
66,
67,
68,
69,
70,
71,
72,
73,
74,
75,
76,mass
77,
78,
79,mass
80,
81,
82,
83,
84,
85,flat
86,
87,
88,sessile
89,
90,pedunculated
91,
92,mass
93,
94,
95,
96,
97,
98,
99,
100,
101,
102,
103,sessile
104,
105,
106,
107,sessile
108,
109,
110,
111,mass
112,
113,
114,
115,pedunculated
116,
117,flat
118,
119,pedunculated
120,
121,
122,
123,mass
124,
125,smooth
126,
127,
128,
129,
130,
131,
132,mass
133,mass
134,
135,flat
136,
137,
138,
139,
140,
141,
142,
143,flat
144,flat
145,
146,
147,
148,mass
149,
150,
151,
152,
153,
154,mass
155,flat
156,
157,
158,
159,
160,
161,
162,
163,
164,pedunculated
165,pedunculated
166,
167,
168,mass
169,flat
170,
171,flat
172,
173,
174,
175,sessile
176,
177,pedunculated
178,
179,
180,
181,
182,
183,
184,
185,
186,mass
187,
188,
189,smooth
190,smooth
191,
192,
193,
194,smooth
195,
196,sessile
197,
198,flat
199,
200,smooth
201,
202,
203,
204,
205,
206,
207,
208,
209,
210,
211,mass
212,sessile
213,
214,
215,
216,
217,
218,
219,
220,
221,
222,
223,
224,
225,
226,
227,
228,
229,
230,
231,mass
232,
233,
234,
235,
236,
237,
238,
239,
240,
241,pedunculated
242,
243,
244,
245,
246,
247,
248,
249,
250,
251,sessile
252,pedunculated
253,
254,pedunculated
255,
256,
257,mass
258,
259,
260,sessile
261,
262,
263,
264,
265,
266,
267,
268,
269,
270,
271,
272,
273,
274,
275,
276,
277,
278,
279,
280,
281,
282,
283,sessile
284,
285,sessile
286,
287,
288,sessile
289,flat
290,mass
291,
292,
293,sessile
294,
295,
296,pedunculated
297,
298,
299,
300,
301,
302,
303,
304,
305,mass
306,
307,
308,
309,
310,
311,
312,sessile
313,
314,
315,
316,
317,
318,
319,
320,
321,
322,
323,
324,
325,
326,mass
327,
328,
329,
330,
331,mass
332,
333,
334,mass
335,
336,
337,
338,
339,
340,
341,
342,
343,
344,
345,
346,flat
347,pedunculated
348,
349,
350,pedunculated
351,
352,flat
353,
354,
355,
356,
357,
358,
359,
360,
361,pedunculated
362,
363,
364,
365,
366,flat
367,
368,
369,
370,flat
371,
372,
373,
374,
375,
376,sessile
377,
378,flat
379,
380,
381,
382,flat
383,sessile
384,
385,
386,
387,mass
388,
389,
390,
391,
392,
393,
394,pedunculated
395,
396,
397,
398,
399,pedunculated
400,
401,
402,
403,
404,sessile
405,pedunculated
406,
407,
408,
409,
410,
411,
412,
413,
414,
415,
416,
417,
418,
419,
420,
421,
422,
423,
424,pedunculated
425,
426,mass
427,
428,
429,
430,
431,
432,
433,
434,
435,
436,sessile
437,
438,
439,pedunculated
440,
441,
442,
443,
444,mass
445,flat
446,mass
447,mass
448,
449,
450,
451,pedunculated
452,
453,
454,
455,
456,
457,
458,
459,mass
460,mass
461,
462,flat
463,pedunculated
464,
465,
466,pedunculated
467,pedunculated
468,
469,
470,sessile
471,
472,
473,
474,
475,smooth
476,
477,mass
478,
479,
480,flat
481,
482,sessile
483,sessile
484,
485,
486,
487,pedunculated
488,pedunculated
489,
490,
491,mass
492,
493,
494,
495,
496,
497,
498,
499,
500,
501,
502,
503,
504,
505,
506,pedunculated
507,
508,
509,
510,
511,
512,
513,
514,
515,
516,
517,
518,
519,flat
520,
521,
522,
523,
524,pedunculated
525,
526,
527,
528,
529,smooth
530,sessile
531,
532,flat
533,
534,
535,
536,
537,
538,
539,
540,
541,
542,
543,sessile
544,flat
545,sessile
546,
547,
548,
549,flat
550,
551,mass
552,
553,
554,
555,
556,
557,
558,
559,
560,flat
561,
562,flat
563,mass
564,
565,sessile
566,sessile
567,sessile
568,
569,flat
570,
571,
572,pedunculated
573,
574,flat
575,
576,flat
577,
578,
579,
580,
581,
582,
583,
584,mass
585,
586,
587,
588,
589,flat
590,
591,
592,
593,
594,
595,
596,
597,
598,mass
599,mass
600,
601,
602,
603,
604,
605,
606,
607,
608,
609,sessile
610,
611,
612,
613,
614,
615,
616,
617,
618,
619,
620,
621,
622,mass
623,sessile
624,
625,sessile
626,
627,mass
628,mass
629,flat
630,
631,
632,mass
633,
634,
635,
636,flat
637,
638,
639,sessile
640,flat
641,sessile
642,
643,
644,
645,flat
646,
647,sessile
648,
649,
650,
651,
652,
653,
654,
655,
656,
657,
658,
659,
660,
661,
662,
663,
664,pedunculated
665,
666,
667,
668,
669,
670,
671,
672,
673,
674,
675,
676,
677,
678,
679,
680,
681,pedunculated
682,sessile
683,pedunculated
684,
685,
686,
687,
688,
689,
690,
691,
692,flat
693,
694,
695,
696,
697,
698,flat
699,
700,
701,
702,
703,
704,
705,
706,mass
707,
708,
709,
710,sessile
711,
712,
713,
714,
715,
716,
717,
718,
719,
720,
721,
722,
723,
724,
725,
726,
727,sessile
728,
729,
730,
731,mass
732,
733,flat
734,sessile
735,
736,sessile
737,
738,sessile
739,
740,
741,
742,
743,
744,mass
745,
746,
747,
748,
749,
750,
751,
752,mass
753,
754,
755,
756,
757,
758,
759,
760,
761,
762,
763,
764,pedunculated
765,smooth
766,
767,
768,
769,mass
770,
771,
772,
773,mass
774,
775,mass
776,flat
777,
778,
779,
780,mass
781,
782,
783,
784,
785,flat
786,
787,
788,mass
789,
790,
791,
792,
793,
794,
795,
796,
797,
798,sessile
799,mass
800,sessile
801,
802,
803,
804,
805,
806,
807,
808,smooth
809,
810,
811,
812,
813,
814,
815,
816,
817,
818,pedunculated
819,
820,
821,
822,
823,
824,
825,
826,flat
827,
828,
829,mass
830,
831,
832,
833,flat
834,
835,
836,flat
837,
838,sessile
839,
840,
841,
842,flat
843,
844,pedunculated
845,sessile
846,sessile
847,flat
848,
849,
850,
851,
852,
853,mass
854,
855,pedunculated
856,
857,
858,pedunculated
859,
860,
861,
862,
863,
864,
865,
866,
867,
868,
869,
870,
871,
872,
873,
874,
875,
876,smooth
877,
878,pedunculated
879,flat
880,
881,
882,
883,
884,
885,
886,
887,
888,
889,
890,
891,mass
892,
893,
894,
895,
896,
897,
898,
899,
900,flat
901,mass
902,flat
903,
904,
905,
906,sessile
907,
908,
909,
910,
911,
912,
913,
914,
915,
916,mass
917,
918,
919,
920,
921,sessile
922,
923,
924,sessile
925,
926,
927,
928,
929,
930,
931,
932,
933,
934,
935,
936,
937,
938,
939,
940,
941,sessile
942,
943,
944,mass
945,flat
946,
947,sessile
948,
949,
950,sessile
951,
952,
953,flat
954,
955,
956,
957,
958,
959,mass
960,sessile
961,
962,
963,pedunculated
964,flat
965,flat
966,
967,
968,
969,
970,
971,
972,
973,mass
974,
975,
976,
977,pedunculated
978,pedunculated
979,
980,
981,sessile
982,pedunculated
983,
984,sessile
985,
986,sessile
987,sessile
988,flat
989,sessile
990,sessile
991,sessile
992,
993,
994,
995,flat
996,
997,sessile
998,
999,
1000,
1001,
1002,flat
1003,
1004,
1005,
1006,
1007,
1008,
1009,
1010,
1011,sessile
1012,
1013,
1014,
1015,
1016,sessile
1017,
1018,flat
1019,sessile
1020,pedunculated
1021,
1022,
1023,
1024,
1025,
1026,
1027,
1028,
1029,
1030,
1031,
1032,
1033,
1034,
1035,
1036,
1037,
1038,
1039,
1040,
1041,sessile
1042,
1043,
1044,sessile
1045,
1046,
1047,
1048,
1049,
1050,
1051,
1052,
1053,
1054,
1055,
1056,
1057,
1058,
1059,
1060,
1061,
1062,
1063,
1064,
1065,
1066,flat
1067,
1068,pedunculated
1069,sessile
1070,
1071,
1072,sessile
1073,
1074,
1075,
1076,flat
1077,
1078,
1079,
1080,pedunculated
1081,
1082,
1083,mass
1084,
1085,
1086,
1087,sessile
1088,
1089,
1090,
1091,pedunculated
1092,
1093,sessile
1094,sessile
1095,
1096,
1097,
1098,mass
1099,
1100,flat
1101,
1102,
1103,
1104,
1105,
1106,sessile
1107,
1108,
1109,
1110,
1111,
1112,
1113,
1114,
1115,
1116,
1117,
1118,
1119,
1120,
1121,sessile
1122,sessile
1123,sessile
1124,
1125,
1126,pedunculated
1127,flat
1128,
1129,
1130,
1131,
1132,
1133,
1134,
1135,
1136,
1137,sessile
1138,
1139,
1140,pedunculated
1141,pedunculated
1142,
1143,
1144,
1145,
1146,
1147,sessile
1148,
1149,
1150,
1151,
1152,
1153,
1154,
1155,pedunculated
1156,
1157,
1158,
1159,
1160,
1161,smooth
1162,
1163,
1164,
1165,
1166,
1167,
1168,
1169,
1170,
1171,
1172,
1173,
1174,
1175,
1176,
1177,
1178,
1179,
1180,
1181,
1182,flat
1183,flat
1184,
1185,
1186,
1187,
1188,
1189,
1190,
1191,
1192,sessile
1193,mass
1194,
1195,
1196,
1197,
1198,sessile
1199,sessile
1200,
1201,
1202,
1203,
1204,
1205,
1206,sessile
1207,
1208,
1209,
1210,
1211,
1212,
1213,
1214,
1215,
1216,
1217,
1218,flat
1219,flat
1220,flat
1221,
1222,flat
1223,
1224,mass
1225,
1226,mass
1227,
1228,sessile
1229,
1230,
1231,
1232,
1233,
1234,sessile
1235,
1236,
1237,
1238,
1239,
1240,mass
1241,
1242,
1243,
1244,
1245,
1246,
1247,
1248,
1249,
1250,
1251,
1252,
1253,pedunculated
1254,
1255,pedunculated
1256,
1257,mass
1258,
1259,
1260,
1261,
1262,
1263,
1264,
1265,
1266,
1267,
1268,
1269,
1270,
1271,
1272,flat
1273,
1274,
1275,
1276,
1277,
1278,
1279,
1280,
1281,sessile
1282,
1283,mass
1284,
1285,
1286,
1287,
1288,
1289,
1290,
1291,
1292,
1293,
1294,
1295,
1296,
1297,
1298,
1299,sessile
1300,
1301,
1302,
1303,
1304,flat
1305,
1306,
1307,
1308,
1309,
1310,
1311,
1312,flat
1313,
1314,sessile
1315,
1316,
1317,
1318,
1319,
1320,
1321,
1322,flat
1323,sessile
1324,pedunculated
1325,
1326,
1327,
1328,
1329,
1330,sessile
1331,
1332,
1333,
1334,
1335,
1336,
1337,flat
1338,
1339,
1340,
1341,
1342,
1343,
1344,
1345,
1346,
1347,
1348,sessile
1349,
1350,
1351,
1352,
1353,
1354,
1355,
1356,
1357,
1358,
1359,sessile
1360,sessile
1361,
1362,
1363,sessile
1364,
1365,
1366,
1367,
1368,
1369,
1370,
1371,
1372,
1373,
1374,smooth
1375,
1376,
1377,sessile
1378,
1379,
1380,
1381,
1382,
1383,
1384,
1385,
1386,
1387,
1388,
1389,
1390,sessile
1391,
1392,
1393,
1394,
1395,
1396,
1397,
1398,
1399,
1400,
1401,
1402,
1403,sessile
1404,
1405,
1406,
1407,pedunculated
1408,
1409,
1410,
1411,mass
1412,
1413,
1414,
1415,
1416,
1417,
1418,
1419,
1420,
1421,
1422,
1423,
1424,
1425,
1426,
1427,
1428,
1429,
1430,
1431,
1432,
1433,
1434,
1435,
1436,
1437,
1438,
1439,sessile
1440,
1441,
1442,
1443,
1444,
1445,pedunculated
1446,
1447,
1448,
1449,
1450,
1451,
1452,
1453,sessile
1454,
1455,flat
1456,
1457,
1458,
1459,flat
1460,
1461,flat
1462,
1463,
1464,
1465,
1466,
1467,
1468,
1469,
1470,
1471,
1472,
1473,
1474,sessile
1475,
1476,
1477,
1478,
1479,
1480,
1481,sessile
1482,
1483,
1484,
1485,
1486,
1487,
1488,mass
1489,
1490,
1491,
1492,pedunculated
1493,
1494,
1495,
1496,flat
1497,
1498,
1499,mass
1500,sessile
1501,sessile
1502,
1503,
1504,
1505,sessile
1506,
1507,
1508,
1509,
1510,
1511,
1512,
1513,
1514,
1515,
1516,
1517,
1518,flat
1519,
1520,
1521,
1522,flat
1523,
1524,
1525,
1526,sessile
1527,
1528,
1529,
1530,
1531,mass
1532,
1533,sessile
1534,
1535,
1536,flat
1537,
1538,
1539,
1540,
1541,
1542,sessile
1543,sessile
1544,
1545,
1546,mass
1547,
1548,
1549,
1550,
1551,
1552,
1553,
1554,
1555,
1556,
1557,
1558,
1559,sessile
1560,pedunculated
1561,mass
1562,
1563,
1564,
1565,
1566,pedunculated
1567,
1568,
1569,sessile
1570,
1571,sessile
1572,sessile
1573,flat
1574,flat
1575,sessile
1576,
1577,
1578,
1579,
1580,
1581,
1582,
1583,
1584,mass
1585,
1586,
1587,
1588,pedunculated
1589,
1590,
1591,
1592,
1593,
1594,
1595,
1596,
1597,
1598,
1599,
1600,
1601,
1602,flat
1603,
1604,
1605,
1606,
1607,
1608,
1609,mass
1610,
1611,
1612,flat
1613,sessile
1614,
1615,
1616,
1617,
1618,
1619,pedunculated
1620,
1621,
1622,
1623,sessile
1624,
1625,mass
1626,flat
1627,sessile
1628,mass
1629,mass
1630,flat
1631,
1632,
1633,
1634,
1635,
1636,mass
1637,
1638,
1639,
1640,
1641,
1642,
1643,
1644,
1645,
1646,
1647,
1648,
1649,sessile
1650,
1651,
1652,
1653,
1654,
1655,
1656,
1657,
1658,
1659,
1660,
1661,
1662,
1663,
1664,
1665,
1666,mass
1667,
1668,
1669,
1670,
1671,
1672,
1673,
1674,
1675,
1676,
1677,
1678,
1679,
1680,
1681,
1682,pedunculated
1683,
1684,sessile
1685,
1686,
1687,
1688,
1689,
1690,
1691,
1692,
1693,pedunculated
1694,
1695,mass
1696,sessile
1697,
1698,
1699,pedunculated
1700,
1701,
1702,mass
1703,
1704,pedunculated
1705,flat
1706,flat
1707,
1708,
1709,
1710,
1711,
1712,
1713,flat
1714,
1715,
1716,
1717,
1718,
1719,
1720,pedunculated
1721,
1722,
1723,mass
1724,
1725,
1726,
1727,
1728,
1729,
1730,
1731,
1732,
1733,mass
1734,sessile
1735,
1736,sessile
1737,
1738,
1739,flat
1740,pedunculated
1741,
1742,
1743,sessile
1744,
1745,
1746,
1747,sessile
1748,sessile
1749,
1750,
1751,pedunculated
1752,
1753,
1754,flat
1755,
1756,
1757,
1758,
1759,
1760,
1761,
1762,
1763,
1764,
1765,flat
1766,
1767,flat
1768,
1769,
1770,
1771,
1772,
1773,
1774,
1775,
1776,
1777,
1778,
1779,
1780,
1781,
1782,
1783,
1784,
1785,
1786,
1787,
1788,
1789,
1790,pedunculated
1791,
1792,
1793,pedunculated
1794,
1795,
1796,
1797,sessile
1798,
1799,
1800,
1801,
1802,
1803,
1804,
1805,
1806,
1807,
1808,smooth
1809,
1810,
1811,
1812,
1813,
1814,mass
1815,
1816,
1817,
1818,mass
1819,
1820,
1821,
1822,
1823,
1824,
1825,
1826,
1827,
1828,
1829,
1830,
1831,
1832,
1833,
1834,mass
1835,
1836,flat
1837,smooth
1838,
1839,
1840,
1841,
1842,
1843,pedunculated
1844,
1845,sessile
1846,flat
1847,sessile
1848,
1849,
1850,sessile
1851,
1852,
1853,mass
1854,
1855,
1856,
1857,
1858,mass
1859,
1860,
1861,
1862,
1863,
1864,
1865,
1866,
1867,
1868,
1869,
1870,
1871,sessile
1872,
1873,
1874,
1875,
1876,flat
1877,
1878,
1879,pedunculated
1880,mass
1881,
1882,flat
1883,
1884,
1885,
1886,sessile
1887,sessile
1888,
1889,sessile
1890,
1891,flat
1892,
1893,flat
1894,sessile
1895,
1896,
1897,
1898,sessile
1899,
1900,
1901,
1902,
1903,pedunculated
1904,
1905,flat
1906,
1907,sessile
1908,sessile
1909,
1910,
1911,pedunculated
1912,smooth
1913,pedunculated
1914,
1915,
1916,
1917,
1918,sessile
1919,sessile
1920,
1921,
1922,
1923,
1924,
1925,
1926,
1927,smooth
1928,
1929,
1930,flat
1931,flat
1932,flat
1933,mass
1934,
1935,
1936,
1937,
1938,
1939,
1940,
1941,
1942,
1943,
1944,
1945,pedunculated
1946,pedunculated
1947,
1948,
1949,
1950,
1951,
1952,
1953,
1954,
1955,
1956,
1957,
1958,
1959,
1960,
1961,
1962,pedunculated
1963,
1964,sessile
1965,
1966,
1967,
1968,
1969,sessile
1970,
1971,
1972,
1973,
1974,
1975,
1976,
1977,
1978,
1979,
1980,
1981,
1982,
1983,pedunculated
1984,
1985,mass
1986,mass
1987,
1988,
1989,
1990,
1991,
1992,
1993,
1994,mass
1995,sessile
1996,
1997,
1998,pedunculated
1999,
2000,
2001,
2002,
2003,
2004,
2005,mass
2006,mass
2007,
2008,
2009,
2010,
2011,
2012,
2013,
2014,
2015,
2016,sessile
2017,
2018,pedunculated
2019,
2020,
2021,sessile
2022,
2023,
2024,mass
2025,sessile
2026,
2027,
2028,
2029,flat
2030,
2031,
2032,
2033,
2034,pedunculated
2035,
2036,flat
2037,
2038,sessile
2039,
2040,
2041,
2042,
2043,
2044,
2045,
2046,
2047,
2048,
2049,
2050,
2051,
2052,
2053,
2054,
2055,
2056,
2057,pedunculated
2058,
2059,
2060,
2061,
2062,
2063,
2064,
2065,
2066,
2067,
2068,
2069,
2070,
2071,mass
2072,mass
2073,
2074,
2075,
2076,
2077,
2078,
2079,
2080,
2081,
2082,flat
2083,
2084,
2085,
2086,
2087,
2088,
2089,
2090,
2091,flat
2092,sessile
2093,sessile
2094,sessile
2095,sessile
2096,
2097,sessile
2098,pedunculated
2099,
2100,pedunculated
2101,
2102,
2103,
2104,
2105,
2106,
2107,
2108,
2109,
2110,pedunculated
2111,
2112,sessile
2113,
2114,
2115,
2116,
2117,
2118,
2119,pedunculated
2120,pedunculated
2121,
2122,sessile
2123,
2124,
2125,sessile
2126,
2127,flat
2128,
2129,
2130,
2131,
2132,
2133,
2134,
2135,
2136,
2137,sessile
2138,mass
2139,
2140,
2141,
2142,sessile
2143,
2144,
2145,
2146,sessile
2147,
2148,mass
2149,
2150,
2151,
2152,mass
2153,
2154,
2155,
2156,
2157,
2158,
2159,
2160,
2161,flat
2162,
2163,
2164,flat
2165,
2166,
2167,
2168,mass
2169,
2170,
2171,
2172,
2173,
2174,
2175,
2176,
2177,
2178,
2179,
2180,sessile
2181,smooth
2182,
2183,
2184,flat
2185,
2186,
2187,
2188,
2189,pedunculated
2190,
2191,sessile
2192,
2193,pedunculated
2194,pedunculated
2195,
2196,
2197,
2198,
2199,
2200,
2201,
2202,
2203,
2204,
2205,
2206,
2207,
2208,mass
2209,
2210,
2211,
2212,
2213,
2214,
2215,
2216,sessile
2217,
2218,
2219,flat
2220,mass
2221,flat
2222,
2223,
2224,
2225,
2226,
2227,
2228,
2229,
2230,pedunculated
2231,sessile
2232,sessile
2233,mass
2234,mass
2235,
2236,
2237,flat
2238,
2239,
2240,
2241,sessile
2242,
2243,mass
2244,
2245,
2246,
2247,
2248,mass
2249,
2250,
2251,sessile
2252,
2253,
2254,
2255,
2256,
2257,
2258,
2259,
2260,
2261,pedunculated
2262,
2263,
2264,
2265,
2266,
2267,
2268,
2269,
2270,
2271,
2272,
2273,
2274,
2275,
2276,sessile
2277,
2278,
2279,
2280,
2281,
2282,sessile
2283,
2284,sessile
2285,
2286,
2287,
2288,
2289,
2290,
2291,
2292,
2293,
2294,
2295,
2296,
2297,
2298,
2299,
2300,
2301,
2302,
2303,mass
2304,
2305,
2306,mass
2307,
2308,
2309,
2310,
2311,
2312,
2313,
2314,
2315,
2316,
2317,
2318,
2319,
2320,
2321,
2322,sessile
2323,sessile
2324,
2325,
2326,
2327,
2328,sessile
2329,flat
2330,
2331,
2332,mass
2333,mass
2334,sessile
2335,
2336,
2337,
2338,
2339,
2340,
2341,sessile
2342,
2343,
2344,
2345,
2346,
2347,
2348,
2349,
2350,
2351,
2352,
2353,
2354,
2355,
2356,
2357,mass
2358,
2359,sessile
2360,
2361,
2362,flat
2363,pedunculated
2364,
2365,mass
2366,
2367,
2368,
2369,mass
2370,
2371,
2372,
2373,
2374,
2375,
2376,
2377,mass
2378,
2379,sessile
2380,
2381,
2382,
2383,
2384,sessile
2385,
2386,
2387,sessile
2388,
2389,
2390,
2391,
2392,
2393,
2394,
2395,
2396,sessile
2397,
2398,
2399,
2400,
2401,
2402,
2403,
2404,
2405,smooth
2406,
2407,pedunculated
2408,
2409,
2410,
2411,
2412,
2413,pedunculated
2414,sessile
2415,
2416,
2417,
2418,
2419,pedunculated
2420,sessile
2421,
2422,
2423,
2424,
2425,sessile
2426,
2427,
2428,mass
2429,
2430,pedunculated
2431,
2432,mass
2433,
2434,
2435,
2436,
2437,
2438,
2439,
2440,
2441,
2442,sessile
2443,mass
2444,smooth
2445,
2446,
2447,mass
2448,
2449,
2450,
2451,
2452,mass
2453,
2454,smooth
2455,
2456,
2457,
2458,
2459,
2460,
2461,
2462,
2463,
2464,smooth
2465,
2466,sessile
2467,
2468,
2469,
2470,
2471,flat
2472,
2473,
2474,
2475,
2476,
2477,
2478,
2479,
2480,
2481,mass
2482,mass
2483,pedunculated
2484,
2485,
2486,pedunculated
2487,pedunculated
2488,
2489,
2490,
2491,sessile
2492,sessile
2493,
2494,
2495,pedunculated
2496,
2497,mass
2498,
2499,
2500,
2501,
2502,
2503,
2504,
2505,
2506,
2507,sessile
2508,sessile
2509,
2510,
2511,
2512,
2513,
2514,mass
2515,
2516,
2517,
2518,
2519,
2520,smooth
2521,
2522,
2523,mass
2524,
2525,
2526,
2527,mass
2528,
2529,
2530,
2531,
2532,mass
2533,
2534,sessile
2535,
2536,
2537,mass
2538,pedunculated
2539,
2540,
2541,
2542,
2543,
2544,
2545,
2546,
2547,
2548,flat
2549,
2550,
2551,
2552,
2553,
2554,smooth
2555,
2556,
2557,
2558,
2559,
2560,mass
2561,
2562,sessile
2563,sessile
2564,
2565,
2566,sessile
2567,mass
2568,flat
2569,
2570,
2571,
2572,
2573,
2574,
2575,
2576,
2577,
2578,
2579,flat
2580,flat
2581,flat
2582,flat
2583,
2584,
2585,
2586,
2587,flat
2588,
2589,
2590,
2591,
2592,
2593,
2594,mass
2595,mass
2596,flat
2597,
2598,
2599,
2600,
2601,
2602,pedunculated
2603,
2604,
2605,
2606,
2607,sessile
2608,
2609,mass
2610,
2611,
2612,
2613,flat
2614,
2615,
2616,mass
2617,
2618,
2619,
2620,
2621,
2622,mass
2623,
2624,
2625,
2626,
2627,
2628,
2629,
2630,
2631,
2632,flat
2633,sessile
2634,flat
2635,
2636,
2637,
2638,
2639,
2640,mass
2641,sessile
2642,
2643,
2644,
2645,
2646,
2647,
2648,flat
2649,pedunculated
2650,
2651,sessile
2652,
2653,
2654,
2655,
2656,
2657,
2658,
2659,
2660,
2661,
2662,sessile
2663,
2664,
2665,sessile
2666,smooth
2667,
2668,
2669,
2670,flat
2671,
2672,
2673,
2674,pedunculated
2675,
2676,
2677,
2678,
2679,
2680,
2681,
2682,
2683,
2684,
2685,
2686,
2687,
2688,
2689,
2690,mass
2691,
2692,
2693,
2694,mass
2695,mass
2696,
2697,
2698,
2699,sessile
2700,flat
2701,mass
2702,flat
2703,
2704,
2705,
2706,
2707,
2708,
2709,
2710,
2711,sessile
2712,
2713,
2714,
2715,
2716,mass
2717,mass
2718,
2719,
2720,
2721,sessile
2722,
2723,sessile
2724,sessile
2725,flat
2726,mass
2727,mass
2728,sessile
2729,
2730,
2731,
2732,
2733,sessile
2734,
2735,flat
2736,
2737,
2738,
2739,
2740,
2741,
2742,
2743,mass
2744,
2745,
2746,
2747,
2748,pedunculated
2749,
2750,
2751,
2752,
2753,mass
2754,
2755,
2756,
2757,
2758,
2759,
2760,
2761,
2762,
2763,
2764,
2765,
2766,mass
2767,
2768,
2769,
2770,
2771,
2772,
2773,
2774,
2775,
2776,pedunculated
2777,
2778,
2779,
2780,flat
2781,
2782,
2783,
2784,
2785,
2786,mass
2787,
2788,pedunculated
2789,flat
2790,
2791,
2792,
2793,flat
2794,
2795,
2796,sessile
2797,
2798,
2799,
2800,mass
2801,
2802,
2803,
2804,
2805,sessile
2806,
2807,pedunculated
2808,mass
2809,
2810,
2811,
2812,
2813,
2814,
2815,
2816,
2817,
2818,
2819,sessile
2820,
2821,
2822,
2823,
2824,
2825,
2826,flat
2827,
2828,
2829,
2830,
2831,
2832,
2833,
2834,pedunculated
2835,
2836,
2837,pedunculated
2838,
2839,sessile
2840,
2841,
2842,
2843,
2844,
2845,sessile
2846,
2847,
2848,
2849,
2850,
2851,
2852,
2853,
2854,
2855,
2856,
2857,
2858,sessile
2859,
2860,mass
2861,sessile
2862,
2863,
2864,
2865,sessile
2866,sessile
2867,
2868,pedunculated
2869,
2870,
2871,
2872,sessile
2873,sessile
2874,
2875,
2876,
2877,
2878,sessile
2879,pedunculated
2880,mass
2881,
2882,pedunculated
2883,sessile
2884,
2885,
2886,
2887,
2888,pedunculated
2889,sessile
2890,
2891,
2892,
2893,pedunculated
2894,
2895,
2896,
2897,
2898,
2899,mass
2900,
2901,
2902,
2903,sessile
2904,
2905,
2906,mass
2907,
2908,
2909,
2910,
2911,
2912,
2913,
2914,
2915,sessile
2916,sessile
2917,pedunculated
2918,pedunculated
2919,
2920,
2921,
2922,
2923,
2924,
2925,
2926,
2927,
2928,
2929,
2930,
2931,
2932,
2933,
2934,
2935,
2936,
2937,
2938,mass
2939,
2940,
2941,
2942,
2943,
2944,
2945,
2946,
2947,
2948,
2949,pedunculated
2950,
2951,
2952,
2953,
2954,
2955,
2956,
2957,
2958,
2959,
2960,
2961,
2962,
2963,
2964,
2965,mass
2966,
2967,
2968,
2969,
2970,
2971,
2972,
2973,sessile
2974,
2975,
2976,
2977,
2978,
2979,
2980,
2981,
2982,
2983,
2984,
2985,
2986,
2987,sessile
2988,sessile
2989,pedunculated
2990,
2991,
2992,
2993,flat
2994,
2995,
2996,
2997,
2998,
2999,
3000,
3001,flat
3002,flat
3003,smooth
3004,
3005,flat
3006,
3007,
3008,mass
3009,
3010,
3011,
3012,flat
3013,
3014,
3015,pedunculated
3016,
3017,
3018,
3019,
3020,
3021,
3022,
3023,flat
3024,
3025,
3026,
3027,mass
3028,sessile
3029,
3030,
3031,
3032,
3033,
3034,
3035,flat
3036,
3037,
3038,
3039,
3040,
3041,
3042,
3043,
3044,
3045,
3046,
3047,
3048,
3049,
3050,
3051,
3052,
3053,
3054,
3055,
3056,
3057,
3058,
3059,
3060,mass
3061,
3062,flat
3063,
3064,
3065,mass
3066,
3067,
3068,
3069,
3070,
3071,
3072,
3073,sessile
3074,
3075,sessile
3076,
3077,flat
3078,
3079,
3080,sessile
3081,
3082,sessile
3083,
3084,pedunculated
3085,sessile
3086,
3087,
3088,
3089,
3090,
3091,sessile
3092,
3093,
3094,
3095,
3096,mass
3097,
3098,sessile
3099,
3100,
3101,mass
3102,
3103,
3104,
3105,flat
3106,
3107,
3108,mass
3109,
3110,
3111,mass
3112,sessile
3113,
3114,
3115,
3116,
3117,
3118,
3119,
3120,
3121,
3122,
3123,
3124,
3125,
3126,
3127,
3128,
3129,
3130,
3131,pedunculated
3132,
3133,
3134,sessile
3135,
3136,
3137,mass
3138,
3139,
3140,
3141,
3142,
3143,sessile
3144,
3145,
3146,
3147,flat
3148,flat
3149,sessile
3150,
3151,flat
3152,sessile
3153,flat
3154,
3155,pedunculated
3156,
3157,
3158,
3159,
3160,
3161,
3162,
3163,
3164,
3165,flat
3166,flat
3167,
3168,
3169,
3170,
3171,
3172,
3173,mass
3174,
3175,
3176,sessile
3177,
3178,pedunculated
3179,
3180,
3181,
3182,
3183,
3184,
3185,smooth
3186,
3187,
3188,pedunculated
3189,
3190,
3191,flat
3192,
3193,
3194,
3195,sessile
3196,
3197,mass
3198,mass
3199,mass
3200,
3201,
3202,
3203,
3204,
3205,sessile
3206,
3207,
3208,
3209,
3210,
3211,
3212,
3213,
3214,flat
3215,flat
3216,
3217,
3218,sessile
3219,
3220,
3221,
3222,
3223,
3224,
3225,sessile
3226,
3227,
3228,
3229,
3230,
3231,
3232,
3233,
3234,
3235,
3236,
3237,
3238,mass
3239,mass
3240,mass
3241,
3242,
3243,sessile
3244,
3245,
3246,
3247,
3248,
3249,
3250,flat
3251,
3252,
3253,sessile
3254,
3255,
3256,
3257,
3258,
3259,
3260,
3261,
3262,
3263,
3264,
3265,mass
3266,
3267,
3268,sessile
3269,
3270,
3271,
3272,
3273,
3274,
3275,
3276,
3277,
3278,
3279,
3280,
3281,
3282,
3283,smooth
3284,
3285,
3286,pedunculated
3287,
3288,
3289,sessile
3290,flat
3291,
3292,
3293,sessile
3294,
3295,sessile
3296,flat
3297,
3298,
3299,flat
3300,
3301,
3302,
3303,
3304,
3305,
3306,
3307,
3308,
3309,
3310,
3311,
3312,
3313,
3314,
3315,
3316,
3317,
3318,
3319,
3320,
3321,
3322,
3323,
3324,
3325,
3326,pedunculated
3327,
3328,
3329,flat
3330,
3331,
3332,
3333,mass
3334,mass
3335,mass
3336,
3337,
3338,
3339,
3340,
3341,
3342,
3343,
3344,sessile
3345,
3346,sessile
3347,
3348,
3349,
3350,
3351,
3352,
3353,
3354,
3355,
3356,mass
3357,
3358,
3359,
3360,
3361,
3362,
3363,pedunculated
3364,
3365,
3366,
3367,
3368,sessile
3369,
3370,
3371,mass
3372,
3373,
3374,
3375,
3376,
3377,
3378,
3379,
3380,
3381,
3382,
3383,
3384,
3385,
3386,
3387,
3388,sessile
3389,
3390,
3391,
3392,
3393,
3394,sessile
3395,mass
3396,
3397,sessile
3398,
3399,
3400,
3401,
3402,
3403,
3404,
3405,
3406,
3407,
3408,
3409,
3410,
3411,
3412,pedunculated
3413,
3414,
3415,
3416,
3417,
3418,mass
3419,
3420,
3421,sessile
3422,
3423,
3424,
3425,flat
3426,
3427,
3428,
3429,
3430,
3431,pedunculated
3432,
3433,flat
3434,
3435,
3436,
3437,
3438,
3439,
3440,
3441,
3442,
3443,
3444,
3445,mass
3446,
3447,
3448,sessile
3449,
3450,sessile
3451,
3452,mass
3453,mass
3454,
3455,
3456,
3457,
3458,
3459,
3460,smooth
3461,
3462,
3463,
3464,
3465,
3466,
3467,
3468,sessile
3469,
3470,
3471,
3472,
3473,
3474,
3475,
3476,
3477,
3478,
3479,
3480,sessile
3481,
3482,
3483,mass
3484,
3485,
3486,
3487,
3488,sessile
3489,
3490,
3491,
3492,
3493,
3494,
3495,mass
3496,mass
3497,
3498,
3499,flat
3500,
3501,
3502,
3503,
3504,
3505,
3506,
3507,
3508,
3509,
3510,
3511,
3512,
3513,
3514,
3515,
3516,
3517,
3518,
3519,
3520,
3521,
3522,
3523,
3524,
3525,sessile
3526,
3527,
3528,
3529,
3530,pedunculated
3531,
3532,
3533,
3534,
3535,
3536,flat
3537,
3538,
3539,sessile
3540,mass
3541,
3542,
3543,
3544,
3545,
3546,
3547,
3548,
3549,
3550,
3551,sessile
3552,
3553,
3554,
3555,mass
3556,
3557,
3558,
3559,
3560,mass
3561,flat
3562,
3563,
3564,
3565,
3566,sessile
3567,
3568,
3569,
3570,
3571,
3572,
3573,
3574,
3575,
3576,pedunculated
3577,mass
3578,
3579,
3580,
3581,
3582,
3583,
3584,
3585,
3586,
3587,
3588,
3589,flat
3590,
3591,
3592,
3593,
3594,
3595,
3596,
3597,
3598,
3599,
3600,pedunculated
3601,
3602,smooth
3603,
3604,
3605,
3606,
3607,
3608,
3609,
3610,mass
3611,
3612,sessile
3613,
3614,
3615,pedunculated
3616,
3617,
3618,
3619,
3620,
3621,
3622,
3623,pedunculated
3624,
3625,mass
3626,
3627,sessile
3628,
3629,
3630,
3631,flat
3632,
3633,
3634,
3635,
3636,
3637,
3638,
3639,
3640,
3641,
3642,
3643,
3644,flat
3645,sessile
3646,
3647,mass
3648,
3649,
3650,
3651,
3652,
3653,
3654,
3655,
3656,
3657,
3658,sessile
3659,sessile
3660,
3661,sessile
3662,
3663,
3664,flat
3665,
3666,
3667,flat
3668,
3669,
3670,flat
3671,sessile
3672,
3673,
3674,
3675,flat
3676,flat
3677,
3678,
3679,
3680,
3681,
3682,
3683,
3684,
3685,
3686,
3687,
3688,flat
3689,sessile
3690,
3691,
3692,
3693,
3694,
3695,
3696,
3697,
3698,
3699,
3700,
3701,
3702,
3703,
3704,
3705,
3706,
3707,
3708,
3709,
3710,
3711,
3712,
3713,
3714,
3715,
3716,
3717,
3718,
3719,
3720,flat
3721,smooth
3722,
3723,
3724,
3725,pedunculated
3726,
3727,
3728,
3729,
3730,
3731,
3732,
3733,
3734,
3735,
3736,
3737,
3738,pedunculated
3739,
3740,
3741,
3742,
3743,
3744,
3745,
3746,
3747,
3748,
3749,
3750,mass
3751,pedunculated
3752,
3753,
3754,
3755,pedunculated
3756,
3757,
3758,
3759,
3760,
3761,
3762,
3763,mass
3764,
3765,
3766,
3767,
3768,
3769,
3770,
3771,
3772,
3773,
3774,
3775,
3776,
3777,mass
3778,
3779,
3780,
3781,
3782,
3783,
3784,pedunculated
3785,sessile
3786,
3787,flat
3788,
3789,
3790,
3791,
3792,
3793,
3794,
3795,
3796,
3797,
3798,
3799,
3800,
3801,flat
3802,
3803,
3804,sessile
3805,
3806,
3807,
3808,
3809,
3810,
3811,
3812,
3813,
3814,
3815,
3816,
3817,
3818,
3819,
3820,
3821,
3822,
3823,pedunculated
3824,
3825,
3826,
3827,sessile
3828,sessile
3829,
3830,
3831,flat
3832,
3833,
3834,
3835,
3836,
3837,
3838,
3839,
3840,
3841,flat
3842,flat
3843,
3844,
3845,
3846,
3847,
3848,
3849,
3850,flat
3851,flat
3852,
3853,flat
3854,flat
3855,
3856,
3857,
3858,
3859,pedunculated
3860,
3861,
3862,
3863,
3864,
3865,
3866,
3867,
3868,
3869,
3870,
3871,
3872,
3873,
3874,sessile
3875,sessile
3876,
3877,
3878,
3879,pedunculated
3880,
3881,
3882,
3883,sessile
3884,
3885,
3886,
3887,
3888,sessile
3889,
3890,
3891,
3892,
3893,
3894,
3895,
3896,
3897,
3898,sessile
3899,
3900,sessile
3901,
3902,
3903,sessile
3904,
3905,
3906,
3907,
3908,
3909,
3910,mass
3911,
3912,
3913,
3914,
3915,flat
3916,
3917,
3918,
3919,
3920,pedunculated
3921,
3922,
3923,
3924,
3925,
3926,pedunculated
3927,
3928,
3929,
3930,sessile
3931,
3932,
3933,
3934,
3935,
3936,sessile
3937,flat
3938,
3939,sessile
3940,sessile
3941,
3942,
3943,
3944,
3945,
3946,
3947,
3948,flat
3949,
3950,
3951,
3952,
3953,
3954,pedunculated
3955,
3956,sessile
3957,
3958,pedunculated
3959,
3960,
3961,
3962,
3963,
3964,
3965,
3966,
3967,
3968,
3969,
3970,pedunculated
3971,
3972,flat
3973,
3974,
3975,
3976,
3977,
3978,sessile
3979,
3980,
3981,
3982,mass
3983,
3984,
3985,mass
3986,pedunculated
3987,
3988,
3989,
3990,
3991,
3992,
3993,
3994,
3995,flat
3996,
3997,
3998,pedunculated
3999,
4000,sessile
4001,
4002,
4003,
4004,
4005,
4006,
4007,
4008,
4009,
4010,
4011,
4012,
4013,
4014,sessile
4015,
4016,
4017,
4018,
4019,
4020,flat
4021,
4022,
4023,
4024,sessile
4025,
4026,pedunculated
4027,sessile
4028,
4029,
4030,
4031,
4032,
4033,
4034,
4035,
4036,pedunculated
4037,
4038,pedunculated
4039,
4040,flat
4041,
4042,
4043,
4044,
4045,
4046,mass
4047,
4048,
4049,
4050,
4051,
4052,
4053,
4054,
4055,
4056,sessile
4057,
4058,
4059,
4060,
4061,
4062,
4063,
4064,
4065,
4066,
4067,
4068,
4069,
4070,
4071,
4072,
4073,
4074,
4075,flat
4076,
4077,
4078,
4079,
4080,
4081,
4082,
4083,
4084,pedunculated
4085,
4086,
4087,
4088,
4089,
4090,
4091,
4092,
4093,
4094,
4095,
4096,sessile
4097,
4098,
4099,mass
4100,
4101,
4102,
4103,
4104,
4105,
4106,pedunculated
4107,pedunculated
4108,
4109,pedunculated
4110,
4111,sessile
4112,
4113,
4114,
4115,
4116,
4117,
4118,
4119,
4120,
4121,
4122,
4123,
4124,mass
4125,sessile
4126,
4127,
4128,mass
4129,
4130,flat
4131,pedunculated
4132,
4133,sessile
4134,
4135,
4136,
4137,
4138,
4139,
4140,
4141,
4142,
4143,
4144,
4145,
4146,
4147,
4148,
4149,
4150,
4151,
4152,
4153,
4154,
4155,pedunculated
4156,
4157,
4158,
4159,
4160,
4161,
4162,mass
4163,
4164,
4165,
4166,
4167,mass
4168,sessile
4169,
4170,
4171,
4172,
4173,
4174,
4175,
4176,
4177,
4178,
4179,
4180,
4181,
4182,
4183,
4184,
4185,
4186,
4187,
4188,
4189,pedunculated
4190,
4191,flat
4192,sessile
4193,
4194,
4195,
4196,
4197,mass
4198,flat
4199,
4200,
4201,
4202,
4203,
4204,
4205,
4206,mass
4207,
4208,
4209,
4210,
4211,
4212,
4213,
4214,
4215,smooth
4216,
4217,
4218,
4219,
4220,
4221,
4222,
4223,
4224,mass
4225,
4226,sessile
4227,
4228,
4229,
4230,sessile
4231,
4232,
4233,
4234,
4235,sessile
4236,
4237,
4238,
4239,
4240,sessile
4241,
4242,
4243,
4244,
4245,flat
4246,flat
4247,
4248,
4249,
4250,
4251,
4252,
4253,
4254,
4255,smooth
4256,
4257,
4258,
4259,
4260,
4261,
4262,
4263,
4264,
4265,
4266,
4267,
4268,
4269,
4270,
4271,
4272,
4273,
4274,
4275,pedunculated
4276,
4277,sessile
4278,
4279,
4280,mass
4281,
4282,
4283,
4284,
4285,
4286,
4287,
4288,
4289,
4290,
4291,
4292,
4293,flat
4294,
4295,
4296,
4297,sessile
4298,
4299,
4300,
4301,
4302,
4303,smooth
4304,
4305,
4306,
4307,sessile
4308,
4309,
4310,
4311,
4312,
4313,
4314,
4315,
4316,sessile
4317,
4318,
4319,
4320,
4321,
4322,
4323,
4324,
4325,
4326,
4327,
4328,
4329,
4330,
4331,
4332,
4333,
4334,
4335,
4336,
4337,
4338,
4339,
4340,
4341,
4342,
4343,
4344,
4345,
4346,
4347,
4348,
4349,
4350,
4351,
4352,
4353,
4354,
4355,
4356,sessile
4357,
4358,
4359,pedunculated
4360,
4361,
4362,
4363,
4364,
4365,
4366,
4367,
4368,
4369,
4370,
4371,
4372,
4373,
4374,
4375,
4376,
4377,
4378,sessile
4379,pedunculated
4380,pedunculated
4381,
4382,
4383,
4384,pedunculated
4385,
4386,
4387,
4388,
4389,
4390,
4391,
4392,
4393,
4394,
4395,
4396,
4397,
4398,sessile
4399,
4400,
4401,
4402,
4403,
4404,
4405,
4406,
4407,
4408,sessile
4409,
4410,
4411,
4412,
4413,
4414,
4415,
4416,
4417,
4418,
4419,sessile
4420,
4421,
4422,
4423,
4424,
4425,
4426,
4427,
4428,pedunculated
4429,
4430,
4431,
4432,
4433,
4434,
4435,
4436,
4437,
4438,
4439,
4440,pedunculated
4441,
4442,
4443,
4444,sessile
4445,mass
4446,
4447,
4448,
4449,smooth
4450,
4451,
4452,
4453,
4454,
4455,
4456,
4457,
4458,
4459,
4460,
4461,
4462,
4463,
4464,
4465,
4466,pedunculated
4467,mass
4468,
4469,
4470,
4471,
4472,
4473,
4474,
4475,
4476,
4477,
4478,pedunculated
4479,
4480,flat
4481,
4482,
4483,
4484,
4485,
4486,
4487,
4488,flat
4489,mass
4490,
4491,
4492,
4493,
4494,sessile
4495,
4496,
4497,sessile
4498,
4499,
4500,
4501,
4502,
4503,
4504,
4505,pedunculated
4506,
4507,
4508,
4509,
4510,
4511,
4512,
4513,
4514,
4515,
4516,
4517,
4518,
4519,
4520,
4521,
4522,
4523,sessile
4524,
4525,
4526,
4527,
4528,sessile
4529,
4530,
4531,flat
4532,
4533,
4534,
4535,sessile
4536,
4537,
4538,flat
4539,
4540,
4541,
4542,
4543,
4544,
4545,flat
4546,
4547,flat
4548,
4549,
4550,
4551,
4552,
4553,
4554,
4555,
4556,
4557,
4558,
4559,
4560,
4561,
4562,
4563,
4564,mass
4565,
4566,
4567,sessile
4568,
4569,flat
4570,
4571,
4572,sessile
4573,
4574,
4575,mass
4576,
4577,
4578,
4579,
4580,
4581,
4582,sessile
4583,
4584,
4585,
4586,
4587,
4588,
4589,
4590,
4591,
4592,
4593,
4594,
4595,
4596,
4597,
4598,pedunculated
4599,mass
4600,
4601,
4602,
4603,
4604,
4605,
4606,
4607,sessile
4608,
4609,
4610,
4611,
4612,
4613,
4614,
4615,
4616,
4617,
4618,
4619,
4620,
4621,
4622,
4623,
4624,
4625,
4626,
4627,
4628,
4629,
4630,
4631,
4632,
4633,
4634,
4635,
4636,
4637,
4638,sessile
4639,
4640,
4641,flat
4642,
4643,flat
4644,sessile
4645,
4646,
4647,
4648,
4649,
4650,
4651,
4652,
4653,
4654,
4655,
4656,
4657,
4658,
4659,sessile
4660,
4661,
4662,
4663,
4664,
4665,
4666,pedunculated
4667,
4668,
4669,pedunculated
4670,
4671,
4672,
4673,
4674,
4675,
4676,
4677,
4678,
4679,
4680,flat
4681,pedunculated
4682,
4683,
4684,
4685,
4686,
4687,
4688,
4689,
4690,
4691,mass
4692,
4693,
4694,
4695,
4696,
4697,
4698,
4699,
4700,
4701,
4702,pedunculated
4703,
4704,
4705,
4706,
4707,
4708,
4709,
4710,
4711,
4712,
4713,
4714,
4715,
4716,smooth
4717,
4718,
4719,
4720,
4721,
4722,
4723,
4724,
4725,
4726,
4727,
4728,
4729,
4730,pedunculated
4731,
4732,
4733,
4734,
4735,pedunculated
4736,sessile
4737,sessile
4738,flat
4739,
4740,
4741,
4742,
4743,
4744,
4745,
4746,
4747,
4748,sessile
4749,
4750,sessile
4751,mass
4752,
4753,
4754,
4755,pedunculated
4756,
4757,
4758,pedunculated
4759,
4760,
4761,
4762,
4763,
4764,sessile
4765,
4766,
4767,
4768,
4769,
4770,
4771,
4772,
4773,
4774,
4775,
4776,
4777,
4778,sessile
4779,
4780,
4781,sessile
4782,
4783,
4784,
4785,
4786,
4787,
4788,
4789,mass
4790,
4791,
4792,mass
4793,
4794,
4795,
4796,sessile
4797,
4798,
4799,
4800,
4801,mass
4802,smooth
4803,
4804,
4805,pedunculated
4806,
4807,
4808,
4809,
4810,
4811,flat
4812,
4813,
4814,
4815,sessile
4816,
4817,
4818,
4819,sessile
4820,
4821,
4822,
4823,sessile
4824,
4825,
4826,
4827,mass
4828,
4829,
4830,
4831,
4832,
4833,
4834,
4835,
4836,sessile
4837,
4838,
4839,flat
4840,
4841,
4842,
4843,
4844,
4845,
4846,
4847,
4848,pedunculated
4849,mass
4850,sessile
4851,
4852,
4853,mass
4854,
4855,pedunculated
4856,sessile
4857,
4858,
4859,
4860,
4861,sessile
4862,sessile
4863,
4864,
4865,
4866,
4867,
4868,
4869,flat
4870,
4871,mass
4872,
4873,
4874,
4875,
4876,
4877,
4878,
4879,
4880,
4881,
4882,
4883,
4884,pedunculated
4885,sessile
4886,
4887,
4888,
4889,
4890,
4891,
4892,
4893,
4894,pedunculated
4895,
4896,
4897,
4898,
4899,
4900,
4901,mass
4902,
4903,
4904,
4905,
4906,
4907,flat
4908,
4909,
4910,pedunculated
4911,
4912,
4913,
4914,
4915,
4916,
4917,
4918,flat
4919,
4920,
4921,
4922,
4923,
4924,
4925,
4926,
4927,flat
4928,
4929,sessile
4930,
4931,mass
4932,
4933,sessile
4934,
4935,
4936,mass
4937,
4938,
4939,
4940,
4941,
4942,
4943,
4944,
4945,
4946,mass
4947,
4948,
4949,
4950,mass
4951,
4952,flat
4953,
4954,pedunculated
4955,pedunculated
4956,smooth
4957,mass
4958,
4959,mass
4960,
4961,mass
4962,mass
4963,
4964,sessile
4965,
4966,
4967,
4968,
4969,
4970,
4971,
4972,
4973,
4974,
4975,
4976,
4977,
4978,
4979,
4980,
4981,
4982,
4983,sessile
4984,
4985,
4986,
4987,
4988,mass
4989,
4990,
4991,
4992,
4993,
4994,
4995,
4996,
4997,
4998,
4999,flat
5000,
5001,
5002,
5003,
5004,mass
5005,
5006,
5007,mass
5008,mass
5009,
5010,pedunculated
5011,
5012,
5013,
5014,
5015,
5016,sessile
5017,sessile
5018,
5019,mass
5020,
5021,mass
5022,sessile
5023,
5024,
5025,
5026,
5027,sessile
5028,
5029,
5030,
5031,flat
5032,
5033,
5034,
5035,
5036,
5037,sessile
5038,
5039,
5040,
5041,
5042,
5043,
5044,
5045,
5046,
5047,
5048,
5049,mass
5050,
5051,
5052,
5053,
5054,
5055,sessile
5056,pedunculated
5057,
5058,sessile
5059,sessile
5060,sessile
5061,
5062,flat
5063,
5064,
5065,sessile
5066,smooth
5067,
5068,flat
5069,flat
5070,
5071,
5072,
5073,
5074,pedunculated
5075,
5076,smooth
5077,sessile
5078,
5079,
5080,
5081,sessile
5082,
5083,
5084,
5085,
5086,
5087,sessile
5088,
5089,pedunculated
5090,mass
5091,
5092,
5093,
5094,sessile
5095,
5096,pedunculated
5097,
5098,mass
5099,
5100,
5101,sessile
5102,
5103,
5104,
5105,
5106,sessile
5107,sessile
5108,
5109,mass
5110,
5111,
5112,
5113,
5114,pedunculated
5115,
5116,
5117,sessile
5118,sessile
5119,
5120,flat
5121,
5122,
5123,flat
5124,
5125,
5126,
5127,
5128,
5129,
5130,
5131,
5132,
5133,
5134,
5135,
5136,
5137,
5138,
5139,
5140,mass
5141,
5142,
5143,
5144,
5145,mass
5146,
5147,
5148,
5149,
5150,
5151,
5152,
5153,
5154,
5155,
5156,
5157,sessile
5158,
5159,
5160,
5161,
5162,sessile
5163,mass
5164,sessile
5165,
5166,
5167,
5168,
5169,
5170,sessile
5171,
5172,
5173,
5174,
5175,
5176,
5177,
5178,
5179,
5180,
5181,
5182,
5183,sessile
5184,
5185,
5186,
5187,
5188,
5189,
5190,
5191,
5192,
5193,
5194,mass
5195,
5196,
5197,pedunculated
5198,
5199,
5200,
5201,
5202,
5203,
5204,
5205,sessile
5206,
5207,
5208,
5209,
5210,
5211,
5212,
5213,flat
5214,
5215,
5216,
5217,
5218,
5219,
5220,
5221,
5222,
5223,pedunculated
5224,
5225,
5226,
5227,pedunculated
5228,mass
5229,sessile
5230,sessile
5231,
5232,
5233,
5234,
5235,
5236,
5237,
5238,
5239,
5240,
5241,
5242,
5243,
5244,pedunculated
5245,
5246,
5247,flat
5248,
5249,
5250,
5251,pedunculated
5252,mass
5253,sessile
5254,
5255,
5256,
5257,
5258,
5259,
5260,
5261,
5262,
5263,
5264,
5265,
5266,
5267,
5268,
5269,
5270,
5271,
5272,
5273,mass
5274,
5275,
5276,smooth
5277,
5278,
5279,
5280,flat
5281,flat
5282,
5283,
5284,sessile
5285,
5286,
5287,
5288,
5289,
5290,
5291,pedunculated
5292,mass
5293,
5294,
5295,
5296,
5297,
5298,
5299,
5300,
5301,sessile
5302,
5303,
5304,
5305,
5306,
5307,sessile
5308,
5309,
5310,
5311,
5312,
5313,
5314,
5315,
5316,
5317,
5318,
5319,
5320,
5321,
5322,
5323,
5324,
5325,
5326,mass
5327,sessile
5328,
5329,mass
5330,
5331,
5332,
5333,
5334,
5335,
5336,
5337,
5338,
5339,
5340,
5341,
5342,pedunculated
5343,mass
5344,
5345,
5346,
5347,
5348,pedunculated
5349,sessile
5350,sessile
5351,pedunculated
5352,
5353,
5354,
5355,
5356,
5357,
5358,
5359,
5360,
5361,
5362,
5363,
5364,sessile
5365,sessile
5366,
5367,
5368,
5369,
5370,
5371,
5372,
5373,pedunculated
5374,
5375,
5376,
5377,
5378,
5379,
5380,
5381,
5382,
5383,flat
5384,
5385,mass
5386,sessile
5387,sessile
5388,
5389,
5390,
5391,sessile
5392,
5393,
5394,
5395,
5396,sessile
5397,
5398,
5399,
5400,mass
5401,
5402,
5403,
5404,
5405,
5406,
5407,
5408,
5409,
5410,
5411,mass
5412,pedunculated
5413,
5414,
5415,
5416,
5417,
5418,
5419,
5420,
5421,
5422,
5423,
5424,
5425,sessile
5426,
5427,
5428,
5429,
5430,
5431,
5432,
5433,
5434,
5435,
5436,
5437,
5438,
5439,
5440,
5441,pedunculated
5442,
5443,pedunculated
5444,
5445,
5446,
5447,
5448,sessile
5449,
5450,
5451,mass
5452,
5453,
5454,
5455,
5456,
5457,
5458,sessile
5459,
5460,
5461,
5462,
5463,
5464,
5465,mass
5466,
5467,
5468,
5469,sessile
5470,
5471,
5472,pedunculated
5473,pedunculated
5474,
5475,
5476,
5477,
5478,
5479,
5480,
5481,
5482,
5483,
5484,
5485,
5486,
5487,
5488,
5489,
5490,
5491,pedunculated
5492,
5493,
5494,
5495,
5496,
5497,
5498,mass
5499,mass
5500,
5501,
5502,pedunculated
5503,pedunculated
5504,
5505,
5506,
5507,flat
5508,
5509,
5510,
5511,mass
5512,
5513,
5514,sessile
5515,
5516,
5517,
5518,
5519,
5520,
5521,pedunculated
5522,
5523,
5524,
5525,
5526,mass
5527,
5528,
5529,sessile
5530,
5531,
5532,
5533,mass
5534,pedunculated
5535,
5536,
5537,
5538,
5539,
5540,
5541,
5542,
5543,
5544,
5545,
5546,
5547,
5548,
5549,
5550,
5551,
5552,
5553,
5554,mass
5555,mass
5556,mass
5557,
5558,
5559,
5560,sessile
5561,flat
5562,
5563,
5564,
5565,
5566,flat
5567,
5568,
5569,
5570,
5571,
5572,
5573,
5574,sessile
5575,
5576,
5577,
5578,
5579,
5580,
5581,pedunculated
5582,
5583,
5584,
5585,
5586,
5587,
5588,
5589,
5590,
5591,
5592,
5593,
5594,sessile
5595,
5596,
5597,
5598,
5599,
5600,
5601,
5602,flat
5603,
5604,
5605,
5606,
5607,
5608,
5609,
5610,
5611,sessile
5612,mass
5613,
5614,
5615,
5616,
5617,
5618,
5619,
5620,
5621,
5622,
5623,
5624,
5625,
5626,
5627,sessile
5628,pedunculated
5629,
5630,
5631,
5632,
5633,
5634,
5635,
5636,
5637,
5638,
5639,
5640,
5641,
5642,
5643,
5644,
5645,
5646,
5647,
5648,
5649,
5650,pedunculated
5651,
5652,
5653,
5654,
5655,
5656,
5657,
5658,pedunculated
5659,
5660,sessile
5661,
5662,mass
5663,
5664,
5665,
5666,
5667,
5668,mass
5669,
5670,smooth
5671,
5672,
5673,
5674,
5675,
5676,
5677,
5678,
5679,
5680,
5681,
5682,
5683,
5684,flat
5685,sessile
5686,
5687,