,Treatment
0,
1,
2,
3,
4,
5,
6,
7,
8,
9,snare
10,
11,snare
12,
13,
14,
15,
16,snare
17,
18,snare
19,snare
20,
21,
22,
23,
24,
25,cold biopsy
26,snare
27,
28,
29,
30,
31,
32,
33,
34,
35,
36,
37,
38,
39,
40,
41,
42,
43,
44,
45,
46,
47,
48,
49,
50,snare
51,snare
52,
53,
54,
55,
56,
57,
58,
59,
60,
61,snare
62,
63,
64,snare
65,
66,excisional biopsy
67,
68,
69,snare
70,
71,
72,
73,
74,
75,
76,
77,
78,
79,
80,
81,
82,
83,excisional biopsy
84,
85,
86,
87,
88,cold biopsy
89,snare
90,snare
91,
92,
93,
94,
95,
96,
97,
98,
99,
100,
101,
102,snare
103,
104,
105,
106,snare
107,cold biopsy
108,
109,
110,
111,
112,
113,snare
114,
115,snare
116,
117,
118,
119,snare
120,
121,
122,
123,
124,
125,
126,snare
127,
128,
129,
130,
131,
132,
133,
134,
135,snare
136,
137,snare
138,
139,
140,
141,
142,
143,
144,snare
145,
146,
147,
148,
149,cold biopsy
150,
151,
152,
153,
154,
155,
156,
157,snare
158,
159,
160,
161,cold biopsy
162,
163,
164,snare
165,snare
166,
167,
168,
169,snare
170,
171,
172,
173,
174,
175,snare
176,
177,snare
178,snare
179,snare
180,
181,
182,
183,
184,
185,
186,
187,
188,
189,
190,
191,
192,
193,
194,
195,
196,snare
197,
198,
199,
200,
201,
202,
203,
204,snare
205,
206,
207,
208,
209,
210,snare
211,
212,snare
213,
214,
215,
216,snare
217,
218,
219,
220,
221,
222,
223,snare
224,snare
225,
226,
227,
228,
229,
230,
231,
232,
233,
234,
235,
236,
237,
238,
239,
240,
241,snare
242,
243,
244,
245,cold biopsy
246,
247,
248,
249,
250,
251,
252,snare
253,snare
254,
255,
256,
257,
258,
259,
260,snare
261,
262,
263,
264,
265,
266,
267,
268,
269,
270,
271,
272,
273,
274,
275,
276,snare
277,
278,
279,
280,
281,
282,
283,cold biopsy
284,
285,snare
286,
287,excisional biopsy
288,snare
289,snare
290,
291,
292,
293,
294,
295,
296,
297,
298,
299,
300,
301,
302,
303,
304,
305,snare
306,
307,
308,
309,
310,
311,
312,snare
313,
314,
315,
316,
317,
318,
319,
320,
321,snare
322,snare
323,
324,
325,
326,
327,
328,
329,
330,
331,cold biopsy
332,cold biopsy
333,
334,
335,snare
336,
337,
338,
339,
340,
341,
342,
343,
344,
345,
346,
347,snare
348,
349,
350,snare
351,
352,
353,snare
354,
355,
356,
357,
358,
359,
360,snare
361,snare
362,
363,
364,
365,
366,
367,
368,
369,
370,
371,
372,snare
373,snare
374,snare
375,
376,snare
377,snare
378,
379,
380,
381,snare
382,snare
383,snare
384,
385,snare
386,
387,
388,
389,
390,
391,
392,
393,
394,snare
395,
396,
397,
398,
399,snare
400,
401,
402,
403,
404,snare
405,
406,
407,
408,snare
409,
410,
411,
412,
413,
414,
415,
416,
417,
418,
419,
420,
421,
422,
423,excisional biopsy
424,cold biopsy
425,cold biopsy
426,
427,
428,
429,
430,
431,
432,
433,
434,
435,
436,snare
437,snare
438,
439,snare
440,
441,
442,
443,
444,cold biopsy
445,snare
446,
447,
448,
449,
450,
451,snare
452,snare
453,snare
454,
455,
456,
457,
458,
459,
460,
461,
462,snare
463,snare
464,
465,snare
466,snare
467,snare
468,
469,cold biopsy
470,snare
471,
472,snare
473,
474,
475,
476,
477,
478,
479,
480,
481,biopsy forcep
482,snare
483,snare
484,snare
485,
486,
487,snare
488,snare
489,
490,
491,
492,
493,snare
494,
495,
496,
497,
498,
499,
500,
501,
502,
503,
504,
505,
506,
507,
508,
509,snare
510,
511,
512,
513,
514,
515,
516,
517,
518,
519,
520,snare
521,
522,
523,
524,snare
525,
526,snare
527,snare
528,
529,
530,
531,
532,
533,
534,
535,cold biopsy
536,
537,
538,
539,
540,
541,
542,cold biopsy
543,snare
544,
545,snare
546,
547,
548,
549,snare
550,
551,
552,
553,
554,
555,
556,
557,
558,
559,
560,
561,
562,
563,
564,
565,snare
566,snare
567,snare
568,cold biopsy
569,snare
570,
571,
572,snare
573,
574,snare
575,snare
576,snare
577,biopsy forcep
578,
579,
580,
581,
582,
583,
584,
585,
586,
587,
588,
589,snare
590,
591,
592,
593,
594,
595,
596,
597,
598,
599,
600,
601,
602,
603,
604,
605,
606,
607,
608,
609,snare
610,
611,
612,
613,
614,snare
615,
616,snare
617,
618,
619,
620,
621,
622,
623,snare
624,cold biopsy
625,cold biopsy
626,
627,
628,
629,cold biopsy
630,
631,cold biopsy
632,
633,
634,
635,snare
636,
637,
638,
639,snare
640,snare
641,snare
642,biopsy forcep
643,
644,
645,snare
646,
647,snare
648,
649,snare
650,
651,
652,
653,
654,
655,
656,
657,
658,
659,
660,
661,
662,
663,snare
664,
665,
666,
667,
668,
669,
670,
671,
672,
673,
674,
675,
676,
677,
678,
679,
680,
681,snare
682,snare
683,
684,
685,
686,snare
687,
688,
689,
690,
691,
692,cold biopsy
693,
694,
695,
696,
697,
698,
699,
700,
701,
702,
703,
704,
705,snare
706,
707,
708,
709,excisional biopsy
710,snare
711,snare
712,
713,
714,
715,
716,
717,
718,
719,
720,
721,
722,
723,
724,
725,
726,
727,snare
728,
729,
730,
731,
732,snare
733,snare
734,snare
735,snare
736,snare
737,
738,snare
739,
740,excisional biopsy
741,
742,
743,
744,
745,
746,
747,
748,
749,
750,
751,
752,snare
753,
754,
755,
756,
757,
758,
759,
760,
761,
762,snare
763,
764,
765,snare
766,
767,
768,
769,
770,
771,
772,
773,
774,snare
775,snare
776,
777,
778,
779,
780,
781,snare
782,
783,
784,
785,snare
786,
787,
788,
789,
790,snare
791,snare
792,
793,cold biopsy
794,cold biopsy
795,
796,
797,
798,snare
799,
800,
801,
802,
803,
804,
805,
806,
807,
808,
809,
810,
811,
812,
813,
814,snare
815,
816,snare
817,biopsy forcep
818,snare
819,
820,
821,snare
822,
823,
824,snare
825,
826,
827,
828,snare
829,
830,
831,
832,
833,
834,
835,excisional biopsy
836,
837,snare
838,snare
839,
840,
841,
842,
843,
844,snare
845,cold biopsy
846,
847,snare
848,
849,
850,
851,
852,
853,
854,
855,snare
856,
857,
858,snare
859,
860,
861,
862,
863,
864,
865,
866,
867,
868,
869,biopsy forcep
870,
871,
872,
873,
874,cold biopsy
875,
876,
877,
878,snare
879,snare
880,
881,
882,snare
883,
884,
885,
886,
887,
888,
889,
890,
891,
892,
893,cold biopsy
894,
895,
896,
897,
898,
899,snare
900,snare
901,
902,snare
903,
904,
905,
906,
907,
908,
909,
910,
911,
912,
913,
914,
915,snare
916,
917,
918,
919,
920,snare
921,
922,
923,
924,
925,snare
926,
927,
928,
929,snare
930,
931,
932,
933,
934,
935,
936,snare
937,
938,
939,cold biopsy
940,
941,snare
942,snare
943,
944,
945,snare
946,
947,snare
948,snare
949,
950,
951,
952,
953,
954,snare
955,
956,
957,
958,
959,
960,snare
961,
962,
963,snare
964,
965,snare
966,
967,snare
968,
969,
970,snare
971,
972,
973,
974,
975,
976,snare
977,snare
978,snare
979,snare
980,snare
981,snare
982,snare
983,
984,snare
985,snare
986,snare
987,snare
988,snare
989,snare
990,snare
991,snare
992,cold biopsy
993,
994,
995,snare
996,
997,snare
998,
999,
1000,
1001,
1002,
1003,
1004,
1005,snare
1006,
1007,snare
1008,
1009,
1010,
1011,
1012,
1013,
1014,
1015,
1016,snare
1017,
1018,
1019,
1020,
1021,
1022,
1023,
1024,
1025,
1026,
1027,
1028,
1029,
1030,
1031,
1032,
1033,
1034,
1035,
1036,
1037,
1038,
1039,
1040,
1041,snare
1042,snare
1043,
1044,cold biopsy
1045,
1046,cold biopsy
1047,
1048,
1049,
1050,
1051,
1052,
1053,
1054,
1055,
1056,
1057,
1058,
1059,
1060,
1061,
1062,
1063,snare
1064,
1065,
1066,snare
1067,
1068,snare
1069,snare
1070,
1071,
1072,snare
1073,snare
1074,
1075,
1076,snare
1077,
1078,
1079,
1080,
1081,
1082,
1083,biopsy forcep
1084,
1085,
1086,excisional biopsy
1087,
1088,
1089,
1090,snare
1091,snare
1092,
1093,snare
1094,
1095,
1096,snare
1097,snare
1098,
1099,
1100,snare
1101,
1102,
1103,
1104,
1105,snare
1106,snare
1107,snare
1108,
1109,
1110,
1111,
1112,
1113,
1114,
1115,
1116,
1117,
1118,
1119,
1120,
1121,snare
1122,snare
1123,snare
1124,
1125,
1126,snare
1127,snare
1128,
1129,
1130,
1131,
1132,snare
1133,
1134,
1135,
1136,
1137,snare
1138,snare
1139,
1140,snare
1141,
1142,snare
1143,
1144,snare
1145,
1146,
1147,
1148,
1149,
1150,
1151,excisional biopsy
1152,
1153,
1154,
1155,
1156,excisional biopsy
1157,cold biopsy
1158,snare
1159,
1160,
1161,
1162,
1163,
1164,
1165,
1166,
1167,
1168,
1169,
1170,
1171,
1172,
1173,snare
1174,
1175,
1176,
1177,
1178,
1179,
1180,
1181,
1182,
1183,
1184,
1185,
1186,snare
1187,
1188,
1189,snare
1190,
1191,
1192,
1193,snare
1194,
1195,
1196,
1197,snare
1198,snare
1199,snare
1200,
1201,
1202,excisional biopsy
1203,
1204,snare
1205,
1206,snare
1207,
1208,
1209,snare
1210,
1211,
1212,
1213,snare
1214,
1215,
1216,excisional biopsy
1217,
1218,snare
1219,snare
1220,snare
1221,snare
1222,snare
1223,snare
1224,
1225,
1226,
1227,
1228,snare
1229,
1230,
1231,
1232,
1233,
1234,
1235,
1236,
1237,
1238,snare
1239,
1240,
1241,
1242,
1243,
1244,
1245,
1246,
1247,
1248,
1249,snare
1250,
1251,
1252,
1253,snare
1254,snare
1255,snare
1256,
1257,
1258,snare
1259,
1260,
1261,
1262,
1263,
1264,
1265,
1266,
1267,
1268,
1269,
1270,
1271,
1272,
1273,
1274,
1275,
1276,
1277,
1278,
1279,
1280,
1281,snare
1282,
1283,
1284,
1285,
1286,
1287,
1288,
1289,
1290,
1291,snare
1292,
1293,
1294,
1295,
1296,
1297,
1298,
1299,
1300,
1301,
1302,
1303,
1304,
1305,
1306,
1307,
1308,
1309,
1310,
1311,
1312,
1313,
1314,snare
1315,
1316,
1317,
1318,
1319,
1320,
1321,
1322,snare
1323,snare
1324,snare
1325,snare
1326,
1327,
1328,
1329,
1330,snare
1331,
1332,
1333,
1334,
1335,
1336,
1337,
1338,
1339,
1340,
1341,snare
1342,
1343,
1344,
1345,
1346,
1347,
1348,snare
1349,
1350,
1351,snare
1352,snare
1353,
1354,snare
1355,snare
1356,
1357,snare
1358,
1359,
1360,
1361,snare
1362,
1363,snare
1364,
1365,
1366,
1367,
1368,
1369,snare
1370,
1371,
1372,
1373,
1374,
1375,
1376,
1377,snare
1378,
1379,
1380,
1381,snare
1382,
1383,
1384,
1385,
1386,cold biopsy
1387,snare
1388,
1389,
1390,snare
1391,
1392,
1393,
1394,
1395,
1396,
1397,
1398,
1399,snare
1400,
1401,
1402,
1403,snare
1404,
1405,
1406,
1407,snare
1408,snare
1409,
1410,
1411,cold biopsy
1412,
1413,
1414,biopsy forcep
1415,
1416,
1417,
1418,
1419,
1420,
1421,
1422,
1423,
1424,
1425,
1426,
1427,
1428,
1429,
1430,
1431,snare
1432,
1433,
1434,
1435,
1436,
1437,
1438,
1439,cold biopsy
1440,
1441,
1442,
1443,
1444,
1445,snare
1446,
1447,
1448,
1449,
1450,
1451,
1452,
1453,snare
1454,
1455,cold biopsy
1456,
1457,
1458,
1459,
1460,
1461,
1462,
1463,
1464,
1465,
1466,
1467,
1468,
1469,
1470,snare
1471,
1472,
1473,
1474,
1475,
1476,
1477,
1478,
1479,
1480,
1481,snare
1482,
1483,
1484,
1485,
1486,
1487,excisional biopsy
1488,biopsy forcep
1489,
1490,
1491,
1492,
1493,excisional biopsy
1494,
1495,
1496,cold biopsy
1497,
1498,
1499,
1500,snare
1501,cold biopsy
1502,
1503,
1504,cold biopsy
1505,
1506,snare
1507,
1508,
1509,
1510,
1511,
1512,
1513,
1514,
1515,
1516,
1517,
1518,snare
1519,
1520,
1521,
1522,
1523,
1524,
1525,
1526,snare
1527,
1528,
1529,
1530,
1531,snare
1532,
1533,
1534,
1535,
1536,snare
1537,
1538,
1539,
1540,
1541,excisional biopsy
1542,snare
1543,snare
1544,
1545,
1546,
1547,
1548,
1549,
1550,
1551,
1552,
1553,
1554,
1555,
1556,
1557,
1558,
1559,
1560,snare
1561,
1562,
1563,
1564,
1565,
1566,snare
1567,
1568,
1569,snare
1570,
1571,snare
1572,cold biopsy
1573,snare
1574,snare
1575,cold biopsy
1576,
1577,
1578,snare
1579,snare
1580,
1581,
1582,
1583,
1584,
1585,
1586,
1587,
1588,snare
1589,
1590,
1591,
1592,
1593,
1594,
1595,
1596,
1597,
1598,snare
1599,
1600,
1601,snare
1602,cold biopsy
1603,
1604,
1605,
1606,
1607,snare
1608,
1609,
1610,
1611,cold biopsy
1612,snare
1613,snare
1614,
1615,
1616,
1617,
1618,
1619,snare
1620,
1621,
1622,
1623,snare
1624,cold biopsy
1625,
1626,snare
1627,cold biopsy
1628,
1629,
1630,
1631,
1632,
1633,
1634,
1635,
1636,
1637,
1638,
1639,
1640,
1641,
1642,
1643,
1644,
1645,
1646,
1647,
1648,
1649,snare
1650,
1651,
1652,
1653,
1654,
1655,
1656,
1657,
1658,
1659,
1660,snare
1661,
1662,
1663,
1664,
1665,
1666,snare
1667,
1668,
1669,
1670,
1671,
1672,
1673,
1674,
1675,
1676,
1677,
1678,
1679,
1680,
1681,
1682,
1683,snare
1684,snare
1685,
1686,
1687,
1688,
1689,
1690,
1691,
1692,
1693,snare
1694,
1695,
1696,snare
1697,
1698,
1699,snare
1700,
1701,
1702,
1703,
1704,snare
1705,
1706,
1707,
1708,
1709,
1710,
1711,
1712,
1713,
1714,
1715,
1716,
1717,snare
1718,
1719,
1720,snare
1721,
1722,
1723,
1724,
1725,
1726,
1727,
1728,
1729,
1730,snare
1731,snare
1732,
1733,
1734,snare
1735,snare
1736,snare
1737,
1738,snare
1739,snare
1740,snare
1741,
1742,
1743,snare
1744,
1745,snare
1746,
1747,snare
1748,snare
1749,
1750,
1751,snare
1752,
1753,
1754,
1755,
1756,snare
1757,
1758,cold biopsy
1759,
1760,
1761,
1762,
1763,cold biopsy
1764,
1765,snare
1766,
1767,snare
1768,
1769,
1770,
1771,snare
1772,snare
1773,
1774,snare
1775,
1776,snare
1777,snare
1778,snare
1779,
1780,
1781,snare
1782,snare
1783,
1784,
1785,
1786,snare
1787,
1788,
1789,
1790,snare
1791,
1792,
1793,snare
1794,
1795,
1796,
1797,snare
1798,
1799,
1800,
1801,snare
1802,
1803,
1804,
1805,
1806,
1807,
1808,
1809,
1810,snare
1811,snare
1812,
1813,
1814,
1815,
1816,snare
1817,
1818,
1819,
1820,
1821,
1822,
1823,
1824,
1825,
1826,
1827,
1828,
1829,snare
1830,
1831,
1832,
1833,
1834,
1835,snare
1836,
1837,snare
1838,snare
1839,snare
1840,
1841,snare
1842,snare
1843,snare
1844,
1845,snare
1846,
1847,snare
1848,snare
1849,
1850,snare
1851,
1852,
1853,snare
1854,
1855,snare
1856,
1857,snare
1858,
1859,
1860,
1861,snare
1862,snare
1863,
1864,
1865,
1866,
1867,
1868,
1869,
1870,snare
1871,snare
1872,
1873,
1874,
1875,snare
1876,snare
1877,
1878,
1879,snare
1880,
1881,snare
1882,cold biopsy
1883,
1884,
1885,
1886,snare
1887,cold biopsy
1888,
1889,snare
1890,snare
1891,snare
1892,snare
1893,
1894,cold biopsy
1895,
1896,
1897,
1898,excisional biopsy
1899,
1900,
1901,
1902,
1903,snare
1904,
1905,snare
1906,
1907,snare
1908,snare
1909,
1910,
1911,snare
1912,
1913,snare
1914,snare
1915,
1916,
1917,
1918,
1919,cold biopsy
1920,
1921,
1922,
1923,
1924,
1925,
1926,
1927,
1928,snare
1929,
1930,cold biopsy
1931,cold biopsy
1932,
1933,
1934,
1935,
1936,
1937,
1938,
1939,
1940,
1941,
1942,
1943,
1944,
1945,snare
1946,snare
1947,
1948,
1949,
1950,
1951,
1952,
1953,
1954,
1955,
1956,
1957,
1958,
1959,
1960,
1961,
1962,snare
1963,
1964,snare
1965,
1966,
1967,snare
1968,
1969,snare
1970,snare
1971,snare
1972,
1973,
1974,
1975,
1976,
1977,
1978,
1979,snare
1980,
1981,
1982,
1983,snare
1984,
1985,
1986,
1987,
1988,snare
1989,
1990,excisional biopsy
1991,
1992,
1993,
1994,
1995,snare
1996,
1997,
1998,snare
1999,
2000,
2001,excisional biopsy
2002,snare
2003,
2004,
2005,
2006,
2007,cold biopsy
2008,snare
2009,
2010,
2011,
2012,
2013,
2014,
2015,
2016,snare
2017,
2018,snare
2019,
2020,cold biopsy
2021,snare
2022,
2023,
2024,
2025,
2026,
2027,
2028,
2029,
2030,
2031,
2032,excisional biopsy
2033,
2034,snare
2035,
2036,
2037,snare
2038,cold biopsy
2039,
2040,
2041,
2042,
2043,
2044,
2045,
2046,
2047,
2048,
2049,
2050,
2051,
2052,
2053,
2054,
2055,
2056,
2057,snare
2058,
2059,snare
2060,
2061,
2062,
2063,
2064,
2065,
2066,snare
2067,
2068,
2069,
2070,
2071,snare
2072,snare
2073,
2074,
2075,
2076,
2077,
2078,
2079,
2080,snare
2081,
2082,
2083,
2084,
2085,
2086,
2087,
2088,
2089,snare
2090,snare
2091,
2092,snare
2093,
2094,snare
2095,snare
2096,
2097,snare
2098,cold biopsy
2099,snare
2100,snare
2101,
2102,
2103,
2104,snare
2105,
2106,
2107,
2108,
2109,
2110,
2111,
2112,snare
2113,
2114,
2115,
2116,
2117,
2118,
2119,snare
2120,snare
2121,
2122,snare
2123,
2124,
2125,snare
2126,
2127,
2128,
2129,
2130,
2131,excisional biopsy
2132,
2133,
2134,biopsy forcep
2135,
2136,
2137,
2138,
2139,
2140,
2141,
2142,snare
2143,
2144,
2145,
2146,
2147,
2148,
2149,
2150,
2151,
2152,
2153,
2154,
2155,
2156,
2157,
2158,
2159,
2160,
2161,cold biopsy
2162,snare
2163,snare
2164,snare
2165,
2166,
2167,snare
2168,cold biopsy
2169,
2170,
2171,
2172,
2173,snare
2174,
2175,snare
2176,
2177,
2178,
2179,
2180,snare
2181,
2182,snare
2183,snare
2184,
2185,
2186,
2187,
2188,
2189,snare
2190,
2191,snare
2192,snare
2193,snare
2194,snare
2195,
2196,
2197,snare
2198,snare
2199,
2200,
2201,snare
2202,snare
2203,
2204,
2205,
2206,
2207,
2208,
2209,
2210,
2211,
2212,snare
2213,
2214,
2215,
2216,cold biopsy
2217,
2218,
2219,
2220,
2221,
2222,
2223,
2224,
2225,
2226,
2227,
2228,
2229,
2230,
2231,snare
2232,snare
2233,
2234,
2235,
2236,
2237,snare
2238,
2239,
2240,
2241,snare
2242,
2243,
2244,
2245,
2246,
2247,
2248,
2249,
2250,
2251,
2252,cold biopsy
2253,
2254,snare
2255,snare
2256,
2257,
2258,snare
2259,
2260,
2261,
2262,
2263,
2264,
2265,
2266,
2267,
2268,
2269,
2270,
2271,
2272,
2273,
2274,snare
2275,
2276,
2277,
2278,
2279,
2280,
2281,
2282,snare
2283,
2284,snare
2285,
2286,
2287,
2288,
2289,
2290,
2291,
2292,
2293,
2294,
2295,
2296,
2297,
2298,
2299,
2300,
2301,
2302,
2303,
2304,
2305,
2306,
2307,
2308,
2309,
2310,
2311,
2312,
2313,
2314,
2315,
2316,
2317,
2318,
2319,
2320,
2321,
2322,snare
2323,snare
2324,
2325,
2326,
2327,
2328,
2329,snare
2330,
2331,
2332,
2333,
2334,cold biopsy
2335,
2336,
2337,
2338,
2339,
2340,
2341,
2342,
2343,
2344,
2345,
2346,
2347,
2348,
2349,snare
2350,snare
2351,
2352,
2353,
2354,
2355,
2356,
2357,
2358,
2359,snare
2360,
2361,
2362,snare
2363,snare
2364,
2365,
2366,
2367,
2368,
2369,snare
2370,
2371,
2372,
2373,
2374,
2375,
2376,
2377,
2378,
2379,snare
2380,
2381,
2382,
2383,
2384,snare
2385,
2386,
2387,snare
2388,
2389,
2390,
2391,
2392,
2393,
2394,
2395,snare
2396,snare
2397,snare
2398,
2399,
2400,
2401,cold biopsy
2402,snare
2403,
2404,
2405,
2406,snare
2407,snare
2408,
2409,
2410,
2411,
2412,snare
2413,snare
2414,
2415,
2416,
2417,
2418,
2419,snare
2420,snare
2421,
2422,
2423,
2424,
2425,snare
2426,snare
2427,
2428,
2429,
2430,snare
2431,
2432,
2433,
2434,
2435,
2436,
2437,
2438,
2439,
2440,
2441,
2442,snare
2443,
2444,
2445,
2446,
2447,
2448,
2449,snare
2450,
2451,excisional biopsy
2452,snare
2453,
2454,snare
2455,
2456,snare
2457,
2458,
2459,
2460,
2461,
2462,
2463,
2464,
2465,
2466,
2467,
2468,
2469,
2470,
2471,
2472,
2473,
2474,
2475,
2476,
2477,
2478,snare
2479,
2480,snare
2481,
2482,
2483,snare
2484,snare
2485,
2486,
2487,snare
2488,
2489,
2490,
2491,
2492,
2493,
2494,
2495,snare
2496,
2497,
2498,snare
2499,
2500,
2501,
2502,
2503,
2504,
2505,
2506,
2507,snare
2508,snare
2509,snare
2510,
2511,
2512,
2513,
2514,
2515,
2516,excisional biopsy
2517,
2518,
2519,
2520,
2521,
2522,
2523,
2524,
2525,
2526,
2527,
2528,snare
2529,snare
2530,snare
2531,
2532,
2533,
2534,
2535,
2536,
2537,
2538,
2539,
2540,
2541,
2542,
2543,
2544,snare
2545,
2546,
2547,
2548,snare
2549,
2550,
2551,
2552,
2553,
2554,
2555,
2556,snare
2557,snare
2558,
2559,snare
2560,snare
2561,
2562,
2563,
2564,
2565,
2566,
2567,
2568,
2569,
2570,
2571,excisional biopsy
2572,
2573,
2574,
2575,
2576,biopsy forcep
2577,
2578,
2579,snare
2580,
2581,snare
2582,
2583,
2584,
2585,
2586,
2587,snare
2588,
2589,
2590,
2591,
2592,snare
2593,excisional biopsy
2594,
2595,
2596,cold biopsy
2597,
2598,
2599,
2600,
2601,
2602,snare
2603,
2604,
2605,
2606,snare
2607,cold biopsy
2608,snare
2609,
2610,
2611,
2612,
2613,snare
2614,
2615,snare
2616,
2617,
2618,
2619,
2620,
2621,
2622,
2623,
2624,
2625,
2626,
2627,
2628,
2629,
2630,snare
2631,
2632,cold biopsy
2633,snare
2634,snare
2635,
2636,snare
2637,
2638,snare
2639,
2640,
2641,snare
2642,
2643,
2644,
2645,
2646,
2647,
2648,snare
2649,snare
2650,
2651,snare
2652,snare
2653,
2654,snare
2655,
2656,
2657,
2658,
2659,
2660,
2661,
2662,snare
2663,
2664,snare
2665,snare
2666,
2667,cold biopsy
2668,
2669,
2670,snare
2671,
2672,
2673,cold biopsy
2674,snare
2675,
2676,
2677,
2678,
2679,
2680,
2681,
2682,
2683,
2684,
2685,
2686,
2687,
2688,
2689,
2690,
2691,
2692,
2693,snare
2694,
2695,
2696,snare
2697,snare
2698,
2699,
2700,cold biopsy
2701,
2702,
2703,
2704,
2705,
2706,snare
2707,
2708,excisional biopsy
2709,
2710,
2711,snare
2712,
2713,
2714,
2715,
2716,
2717,
2718,
2719,
2720,
2721,
2722,
2723,snare
2724,snare
2725,snare
2726,snare
2727,
2728,snare
2729,
2730,
2731,
2732,
2733,excisional biopsy
2734,
2735,snare
2736,
2737,
2738,
2739,
2740,
2741,
2742,
2743,
2744,excisional biopsy
2745,
2746,
2747,
2748,snare
2749,
2750,
2751,
2752,
2753,
2754,
2755,
2756,
2757,
2758,
2759,
2760,
2761,
2762,
2763,
2764,snare
2765,cold biopsy
2766,
2767,
2768,
2769,snare
2770,snare
2771,
2772,
2773,
2774,
2775,
2776,snare
2777,
2778,
2779,
2780,
2781,
2782,
2783,
2784,
2785,
2786,
2787,
2788,snare
2789,snare
2790,
2791,
2792,
2793,snare
2794,
2795,
2796,snare
2797,
2798,
2799,
2800,snare
2801,snare
2802,
2803,
2804,
2805,snare
2806,
2807,snare
2808,
2809,
2810,
2811,
2812,
2813,
2814,
2815,
2816,
2817,
2818,
2819,
2820,
2821,
2822,
2823,snare
2824,
2825,
2826,
2827,snare
2828,
2829,
2830,
2831,
2832,
2833,
2834,snare
2835,
2836,
2837,snare
2838,
2839,snare
2840,snare
2841,
2842,
2843,
2844,
2845,snare
2846,
2847,
2848,
2849,
2850,
2851,
2852,
2853,
2854,
2855,
2856,
2857,snare
2858,
2859,
2860,
2861,snare
2862,
2863,
2864,
2865,
2866,snare
2867,
2868,snare
2869,biopsy forcep
2870,snare
2871,
2872,snare
2873,snare
2874,
2875,
2876,
2877,
2878,
2879,snare
2880,
2881,
2882,snare
2883,snare
2884,
2885,cold biopsy
2886,
2887,
2888,snare
2889,snare
2890,
2891,
2892,
2893,snare
2894,
2895,
2896,
2897,snare
2898,
2899,
2900,
2901,
2902,
2903,
2904,
2905,cold biopsy
2906,
2907,
2908,snare
2909,
2910,
2911,
2912,
2913,
2914,snare
2915,snare
2916,
2917,snare
2918,snare
2919,excisional biopsy
2920,
2921,
2922,
2923,
2924,
2925,
2926,
2927,
2928,
2929,
2930,
2931,
2932,
2933,
2934,
2935,
2936,
2937,
2938,
2939,
2940,
2941,snare
2942,
2943,
2944,
2945,
2946,
2947,
2948,
2949,snare
2950,
2951,
2952,
2953,
2954,
2955,snare
2956,
2957,snare
2958,snare
2959,
2960,
2961,
2962,
2963,
2964,snare
2965,
2966,
2967,
2968,
2969,snare
2970,snare
2971,
2972,
2973,snare
2974,
2975,snare
2976,snare
2977,
2978,
2979,snare
2980,
2981,
2982,snare
2983,
2984,
2985,
2986,
2987,
2988,
2989,snare
2990,excisional biopsy
2991,
2992,
2993,snare
2994,
2995,
2996,
2997,
2998,snare
2999,
3000,
3001,
3002,cold biopsy
3003,
3004,snare
3005,snare
3006,
3007,
3008,
3009,
3010,
3011,cold biopsy
3012,snare
3013,
3014,
3015,snare
3016,
3017,snare
3018,cold biopsy
3019,
3020,snare
3021,
3022,
3023,
3024,
3025,
3026,
3027,
3028,snare
3029,
3030,
3031,
3032,
3033,
3034,
3035,snare
3036,excisional biopsy
3037,
3038,
3039,snare
3040,
3041,
3042,
3043,
3044,
3045,
3046,
3047,
3048,
3049,
3050,
3051,
3052,
3053,
3054,
3055,
3056,cold biopsy
3057,snare
3058,
3059,
3060,
3061,
3062,
3063,
3064,
3065,
3066,
3067,
3068,
3069,
3070,
3071,snare
3072,cold biopsy
3073,
3074,
3075,
3076,snare
3077,snare
3078,
3079,
3080,cold biopsy
3081,
3082,snare
3083,
3084,snare
3085,
3086,
3087,
3088,
3089,
3090,
3091,snare
3092,
3093,
3094,
3095,
3096,
3097,
3098,
3099,
3100,
3101,
3102,
3103,
3104,snare
3105,snare
3106,
3107,
3108,
3109,snare
3110,
3111,
3112,snare
3113,
3114,
3115,
3116,
3117,
3118,
3119,
3120,
3121,
3122,
3123,
3124,
3125,
3126,
3127,
3128,
3129,
3130,
3131,snare
3132,snare
3133,
3134,
3135,
3136,
3137,
3138,
3139,
3140,snare
3141,
3142,
3143,
3144,
3145,snare
3146,
3147,cold biopsy
3148,
3149,snare
3150,cold biopsy
3151,
3152,snare
3153,snare
3154,
3155,snare
3156,snare
3157,
3158,
3159,
3160,
3161,
3162,
3163,
3164,
3165,snare
3166,snare
3167,
3168,
3169,
3170,
3171,
3172,snare
3173,snare
3174,
3175,snare
3176,snare
3177,snare
3178,snare
3179,
3180,
3181,
3182,
3183,
3184,
3185,
3186,
3187,snare
3188,snare
3189,cold biopsy
3190,
3191,cold biopsy
3192,
3193,
3194,
3195,snare
3196,
3197,
3198,
3199,
3200,
3201,
3202,
3203,
3204,
3205,snare
3206,
3207,
3208,
3209,
3210,
3211,
3212,
3213,
3214,
3215,
3216,
3217,
3218,snare
3219,
3220,
3221,
3222,
3223,
3224,
3225,cold biopsy
3226,
3227,
3228,
3229,
3230,
3231,
3232,
3233,cold biopsy
3234,
3235,
3236,
3237,
3238,snare
3239,
3240,snare
3241,
3242,
3243,
3244,
3245,
3246,
3247,
3248,
3249,snare
3250,cold biopsy
3251,
3252,
3253,snare
3254,
3255,
3256,
3257,
3258,
3259,
3260,
3261,
3262,
3263,
3264,
3265,
3266,
3267,
3268,snare
3269,
3270,
3271,
3272,
3273,
3274,
3275,snare
3276,snare
3277,
3278,
3279,
3280,
3281,
3282,
3283,
3284,
3285,
3286,snare
3287,
3288,
3289,cold biopsy
3290,
3291,snare
3292,
3293,snare
3294,
3295,snare
3296,snare
3297,
3298,
3299,snare
3300,snare
3301,
3302,snare
3303,
3304,
3305,
3306,
3307,
3308,snare
3309,
3310,
3311,
3312,snare
3313,
3314,
3315,cold biopsy
3316,
3317,
3318,
3319,
3320,excisional biopsy
3321,
3322,
3323,
3324,
3325,
3326,
3327,
3328,snare
3329,snare
3330,
3331,
3332,
3333,
3334,
3335,snare
3336,
3337,
3338,excisional biopsy
3339,
3340,snare
3341,snare
3342,
3343,snare
3344,snare
3345,snare
3346,snare
3347,
3348,snare
3349,
3350,
3351,
3352,
3353,
3354,
3355,
3356,
3357,
3358,
3359,
3360,
3361,
3362,excisional biopsy
3363,snare
3364,
3365,
3366,
3367,
3368,snare
3369,
3370,
3371,
3372,
3373,
3374,
3375,
3376,snare
3377,
3378,
3379,
3380,
3381,
3382,
3383,
3384,
3385,
3386,
3387,
3388,snare
3389,
3390,
3391,
3392,cold biopsy
3393,
3394,snare
3395,snare
3396,snare
3397,snare
3398,
3399,
3400,
3401,snare
3402,
3403,
3404,
3405,
3406,
3407,
3408,
3409,
3410,
3411,
3412,snare
3413,
3414,
3415,
3416,snare
3417,
3418,
3419,cold biopsy
3420,snare
3421,
3422,
3423,
3424,
3425,snare
3426,
3427,
3428,
3429,
3430,
3431,snare
3432,snare
3433,snare
3434,
3435,
3436,
3437,
3438,
3439,
3440,
3441,
3442,
3443,
3444,
3445,
3446,
3447,snare
3448,snare
3449,
3450,
3451,snare
3452,snare
3453,
3454,
3455,
3456,
3457,
3458,
3459,
3460,
3461,
3462,
3463,
3464,snare
3465,
3466,
3467,snare
3468,snare
3469,snare
3470,
3471,
3472,
3473,
3474,
3475,
3476,
3477,
3478,
3479,
3480,snare
3481,
3482,
3483,
3484,
3485,
3486,
3487,
3488,snare
3489,
3490,
3491,
3492,
3493,
3494,
3495,
3496,
3497,
3498,
3499,snare
3500,
3501,
3502,
3503,
3504,
3505,
3506,
3507,
3508,
3509,snare
3510,
3511,
3512,
3513,
3514,
3515,
3516,
3517,
3518,
3519,
3520,
3521,
3522,
3523,snare
3524,snare
3525,snare
3526,cold biopsy
3527,
3528,
3529,
3530,snare
3531,
3532,
3533,
3534,
3535,
3536,snare
3537,
3538,
3539,snare
3540,cold biopsy
3541,
3542,
3543,
3544,
3545,
3546,
3547,snare
3548,
3549,
3550,
3551,cold biopsy
3552,
3553,
3554,
3555,
3556,
3557,
3558,
3559,
3560,
3561,snare
3562,
3563,
3564,snare
3565,
3566,
3567,
3568,
3569,cold biopsy
3570,cold biopsy
3571,
3572,
3573,cold biopsy
3574,
3575,
3576,snare
3577,
3578,
3579,
3580,snare
3581,
3582,
3583,
3584,
3585,
3586,
3587,
3588,
3589,
3590,
3591,
3592,
3593,
3594,
3595,
3596,snare
3597,
3598,
3599,
3600,
3601,biopsy forcep
3602,
3603,
3604,
3605,
3606,
3607,snare
3608,
3609,
3610,
3611,
3612,cold biopsy
3613,snare
3614,snare
3615,snare
3616,snare
3617,
3618,
3619,
3620,
3621,
3622,
3623,snare
3624,
3625,
3626,
3627,
3628,
3629,
3630,
3631,snare
3632,
3633,
3634,snare
3635,
3636,
3637,
3638,
3639,
3640,
3641,
3642,
3643,
3644,
3645,snare
3646,
3647,
3648,
3649,
3650,
3651,snare
3652,
3653,
3654,
3655,
3656,
3657,
3658,cold biopsy
3659,snare
3660,
3661,snare
3662,
3663,
3664,snare
3665,
3666,
3667,
3668,
3669,cold biopsy
3670,snare
3671,snare
3672,
3673,
3674,
3675,snare
3676,
3677,
3678,
3679,
3680,
3681,excisional biopsy
3682,
3683,
3684,excisional biopsy
3685,
3686,
3687,
3688,snare
3689,snare
3690,snare
3691,snare
3692,
3693,
3694,
3695,
3696,
3697,
3698,
3699,
3700,
3701,snare
3702,
3703,
3704,
3705,
3706,
3707,
3708,snare
3709,
3710,
3711,
3712,
3713,
3714,
3715,
3716,
3717,
3718,cold biopsy
3719,
3720,snare
3721,
3722,
3723,
3724,
3725,
3726,snare
3727,
3728,
3729,
3730,excisional biopsy
3731,cold biopsy
3732,cold biopsy
3733,
3734,
3735,
3736,
3737,
3738,snare
3739,
3740,
3741,
3742,
3743,
3744,
3745,
3746,
3747,snare
3748,
3749,
3750,
3751,snare
3752,
3753,
3754,
3755,snare
3756,
3757,
3758,
3759,
3760,
3761,
3762,
3763,
3764,
3765,
3766,
3767,
3768,
3769,
3770,
3771,
3772,
3773,
3774,
3775,
3776,
3777,
3778,
3779,
3780,
3781,
3782,
3783,
3784,snare
3785,snare
3786,
3787,snare
3788,
3789,snare
3790,
3791,
3792,
3793,snare
3794,snare
3795,
3796,
3797,snare
3798,
3799,
3800,
3801,
3802,
3803,snare
3804,snare
3805,snare
3806,
3807,
3808,
3809,snare
3810,
3811,excisional biopsy
3812,
3813,snare
3814,snare
3815,snare
3816,
3817,
3818,snare
3819,
3820,
3821,
3822,
3823,snare
3824,
3825,
3826,
3827,snare
3828,snare
3829,
3830,snare
3831,snare
3832,
3833,
3834,
3835,snare
3836,snare
3837,
3838,snare
3839,
3840,
3841,snare
3842,
3843,
3844,
3845,
3846,
3847,
3848,
3849,
3850,snare
3851,snare
3852,snare
3853,cold biopsy
3854,snare
3855,
3856,
3857,
3858,
3859,snare
3860,
3861,
3862,
3863,
3864,
3865,
3866,
3867,snare
3868,
3869,
3870,
3871,
3872,
3873,
3874,snare
3875,snare
3876,snare
3877,
3878,
3879,snare
3880,snare
3881,
3882,
3883,snare
3884,
3885,
3886,
3887,snare
3888,snare
3889,excisional biopsy
3890,
3891,
3892,
3893,
3894,
3895,cold biopsy
3896,
3897,
3898,snare
3899,
3900,snare
3901,
3902,
3903,snare
3904,snare
3905,
3906,
3907,
3908,
3909,
3910,
3911,
3912,
3913,
3914,
3915,
3916,
3917,
3918,
3919,
3920,snare
3921,
3922,
3923,
3924,
3925,
3926,excisional biopsy
3927,
3928,
3929,
3930,snare
3931,
3932,
3933,
3934,snare
3935,
3936,snare
3937,
3938,
3939,snare
3940,snare
3941,
3942,
3943,snare
3944,
3945,
3946,snare
3947,snare
3948,snare
3949,
3950,
3951,
3952,
3953,
3954,snare
3955,snare
3956,snare
3957,snare
3958,snare
3959,
3960,
3961,
3962,
3963,
3964,
3965,
3966,
3967,
3968,cold biopsy
3969,
3970,snare
3971,
3972,snare
3973,
3974,excisional biopsy
3975,snare
3976,snare
3977,
3978,snare
3979,
3980,
3981,
3982,
3983,
3984,
3985,
3986,snare
3987,
3988,
3989,
3990,
3991,
3992,snare
3993,
3994,
3995,
3996,
3997,
3998,snare
3999,
4000,snare
4001,
4002,biopsy forcep
4003,
4004,
4005,
4006,
4007,
4008,snare
4009,
4010,
4011,cold biopsy
4012,
4013,
4014,
4015,
4016,
4017,
4018,
4019,
4020,snare
4021,
4022,
4023,snare
4024,snare
4025,
4026,snare
4027,snare
4028,
4029,
4030,
4031,
4032,
4033,
4034,
4035,
4036,snare
4037,
4038,cold biopsy
4039,
4040,snare
4041,
4042,
4043,
4044,
4045,
4046,
4047,
4048,snare
4049,
4050,
4051,
4052,
4053,
4054,
4055,
4056,snare
4057,
4058,
4059,
4060,
4061,snare
4062,
4063,
4064,snare
4065,
4066,
4067,snare
4068,
4069,
4070,
4071,snare
4072,
4073,
4074,
4075,snare
4076,
4077,
4078,
4079,
4080,
4081,
4082,
4083,
4084,snare
4085,snare
4086,
4087,
4088,
4089,
4090,
4091,
4092,
4093,
4094,
4095,
4096,cold biopsy
4097,
4098,
4099,
4100,
4101,
4102,
4103,
4104,
4105,
4106,snare
4107,snare
4108,
4109,
4110,
4111,snare
4112,snare
4113,
4114,
4115,
4116,
4117,
4118,
4119,
4120,
4121,
4122,
4123,
4124,
4125,snare
4126,
4127,
4128,
4129,snare
4130,snare
4131,snare
4132,
4133,snare
4134,
4135,cold biopsy
4136,
4137,
4138,
4139,
4140,
4141,
4142,
4143,
4144,
4145,
4146,
4147,
4148,
4149,
4150,snare
4151,
4152,
4153,
4154,
4155,snare
4156,
4157,
4158,snare
4159,
4160,
4161,
4162,
4163,
4164,snare
4165,
4166,
4167,
4168,snare
4169,
4170,snare
4171,
4172,
4173,
4174,
4175,
4176,
4177,
4178,
4179,
4180,
4181,
4182,
4183,snare
4184,snare
4185,
4186,
4187,snare
4188,
4189,snare
4190,
4191,snare
4192,snare
4193,
4194,
4195,snare
4196,snare
4197,
4198,snare
4199,
4200,
4201,
4202,
4203,
4204,
4205,
4206,
4207,
4208,
4209,
4210,
4211,
4212,
4213,snare
4214,snare
4215,
4216,
4217,
4218,
4219,
4220,snare
4221,snare
4222,
4223,
4224,
4225,
4226,snare
4227,
4228,
4229,
4230,snare
4231,
4232,
4233,
4234,
4235,cold biopsy
4236,cold biopsy
4237,
4238,
4239,
4240,cold biopsy
4241,
4242,excisional biopsy
4243,
4244,
4245,snare
4246,
4247,
4248,
4249,
4250,
4251,
4252,
4253,
4254,
4255,
4256,cold biopsy
4257,
4258,
4259,
4260,
4261,snare
4262,snare
4263,
4264,
4265,
4266,
4267,
4268,
4269,
4270,
4271,
4272,
4273,
4274,cold biopsy
4275,snare
4276,
4277,snare
4278,
4279,
4280,
4281,
4282,
4283,
4284,
4285,
4286,
4287,
4288,
4289,
4290,snare
4291,
4292,
4293,cold biopsy
4294,
4295,
4296,
4297,snare
4298,
4299,
4300,
4301,
4302,
4303,
4304,
4305,
4306,
4307,snare
4308,
4309,
4310,snare
4311,
4312,
4313,
4314,
4315,cold biopsy
4316,
4317,
4318,
4319,snare
4320,
4321,
4322,
4323,
4324,
4325,
4326,
4327,
4328,
4329,
4330,
4331,
4332,
4333,
4334,
4335,
4336,
4337,
4338,
4339,
4340,
4341,
4342,
4343,
4344,
4345,cold biopsy
4346,
4347,
4348,
4349,
4350,
4351,snare
4352,snare
4353,
4354,snare
4355,
4356,snare
4357,
4358,snare
4359,snare
4360,
4361,
4362,
4363,
4364,
4365,
4366,
4367,
4368,
4369,
4370,
4371,
4372,
4373,
4374,
4375,
4376,
4377,
4378,snare
4379,snare
4380,snare
4381,
4382,
4383,
4384,snare
4385,snare
4386,
4387,
4388,snare
4389,
4390,snare
4391,
4392,
4393,
4394,
4395,
4396,
4397,
4398,
4399,
4400,snare
4401,
4402,
4403,
4404,
4405,
4406,
4407,
4408,snare
4409,
4410,
4411,snare
4412,
4413,
4414,
4415,
4416,
4417,
4418,
4419,snare
4420,snare
4421,
4422,
4423,
4424,
4425,
4426,snare
4427,
4428,snare
4429,
4430,
4431,snare
4432,snare
4433,
4434,
4435,
4436,
4437,
4438,
4439,
4440,snare
4441,
4442,snare
4443,
4444,snare
4445,
4446,
4447,
4448,
4449,snare
4450,
4451,snare
4452,
4453,snare
4454,
4455,
4456,
4457,
4458,
4459,
4460,
4461,
4462,snare
4463,
4464,
4465,
4466,snare
4467,snare
4468,
4469,
4470,
4471,
4472,
4473,
4474,
4475,snare
4476,
4477,
4478,snare
4479,
4480,cold biopsy
4481,
4482,
4483,snare
4484,
4485,
4486,
4487,
4488,
4489,
4490,
4491,snare
4492,
4493,
4494,snare
4495,
4496,
4497,snare
4498,
4499,
4500,excisional biopsy
4501,snare
4502,snare
4503,
4504,
4505,snare
4506,
4507,
4508,
4509,
4510,
4511,
4512,cold biopsy
4513,
4514,
4515,
4516,
4517,snare
4518,
4519,
4520,
4521,
4522,
4523,snare
4524,snare
4525,
4526,excisional biopsy
4527,snare
4528,snare
4529,snare
4530,
4531,cold biopsy
4532,
4533,
4534,
4535,snare
4536,
4537,
4538,
4539,
4540,
4541,
4542,
4543,
4544,
4545,
4546,
4547,snare
4548,excisional biopsy
4549,snare
4550,
4551,
4552,
4553,
4554,
4555,snare
4556,
4557,
4558,
4559,
4560,cold biopsy
4561,snare
4562,
4563,
4564,
4565,
4566,
4567,snare
4568,
4569,
4570,
4571,
4572,snare
4573,
4574,snare
4575,
4576,
4577,
4578,
4579,
4580,
4581,
4582,snare
4583,excisional biopsy
4584,
4585,
4586,
4587,
4588,
4589,
4590,
4591,
4592,
4593,
4594,
4595,
4596,
4597,
4598,
4599,
4600,
4601,snare
4602,
4603,
4604,snare
4605,
4606,
4607,snare
4608,snare
4609,
4610,
4611,
4612,
4613,
4614,
4615,
4616,
4617,
4618,
4619,
4620,snare
4621,
4622,
4623,
4624,
4625,biopsy forcep
4626,
4627,
4628,
4629,
4630,cold biopsy
4631,
4632,
4633,snare
4634,
4635,
4636,
4637,
4638,
4639,snare
4640,snare
4641,snare
4642,
4643,snare
4644,cold biopsy
4645,snare
4646,
4647,
4648,snare
4649,
4650,snare
4651,
4652,
4653,
4654,
4655,
4656,
4657,
4658,
4659,snare
4660,
4661,
4662,
4663,cold biopsy
4664,
4665,
4666,snare
4667,
4668,
4669,snare
4670,
4671,
4672,
4673,snare
4674,snare
4675,
4676,
4677,
4678,
4679,
4680,
4681,snare
4682,
4683,
4684,
4685,
4686,
4687,
4688,
4689,
4690,
4691,
4692,snare
4693,snare
4694,
4695,
4696,
4697,
4698,
4699,
4700,
4701,
4702,snare
4703,
4704,
4705,
4706,
4707,
4708,
4709,
4710,snare
4711,
4712,
4713,
4714,
4715,
4716,
4717,
4718,
4719,snare
4720,
4721,
4722,
4723,
4724,
4725,
4726,
4727,
4728,
4729,
4730,snare
4731,
4732,
4733,
4734,
4735,
4736,snare
4737,snare
4738,
4739,
4740,
4741,
4742,
4743,
4744,
4745,
4746,
4747,
4748,
4749,
4750,snare
4751,
4752,
4753,
4754,
4755,snare
4756,snare
4757,excisional biopsy
4758,snare
4759,
4760,
4761,
4762,
4763,
4764,snare
4765,
4766,
4767,
4768,
4769,
4770,
4771,
4772,
4773,snare
4774,
4775,
4776,
4777,snare
4778,snare
4779,snare
4780,
4781,
4782,
4783,
4784,
4785,
4786,
4787,
4788,
4789,
4790,
4791,
4792,snare
4793,
4794,
4795,
4796,
4797,
4798,
4799,
4800,
4801,cold biopsy
4802,cold biopsy
4803,
4804,
4805,snare
4806,
4807,snare
4808,
4809,
4810,snare
4811,snare
4812,
4813,
4814,snare
4815,
4816,
4817,
4818,snare
4819,snare
4820,
4821,
4822,
4823,snare
4824,
4825,snare
4826,
4827,
4828,
4829,
4830,snare
4831,
4832,
4833,snare
4834,cold biopsy
4835,
4836,cold biopsy
4837,
4838,
4839,snare
4840,snare
4841,
4842,
4843,snare
4844,
4845,
4846,
4847,
4848,snare
4849,
4850,snare
4851,
4852,
4853,
4854,
4855,snare
4856,snare
4857,snare
4858,
4859,snare
4860,snare
4861,snare
4862,
4863,
4864,
4865,
4866,
4867,
4868,
4869,
4870,
4871,
4872,
4873,snare
4874,snare
4875,
4876,
4877,
4878,
4879,
4880,
4881,
4882,
4883,
4884,snare
4885,snare
4886,
4887,
4888,
4889,
4890,
4891,
4892,snare
4893,cold biopsy
4894,snare
4895,
4896,snare
4897,
4898,
4899,
4900,
4901,cold biopsy
4902,snare
4903,
4904,
4905,
4906,
4907,
4908,
4909,
4910,snare
4911,snare
4912,
4913,
4914,
4915,
4916,
4917,
4918,
4919,
4920,
4921,snare
4922,
4923,snare
4924,
4925,
4926,snare
4927,snare
4928,snare
4929,snare
4930,
4931,
4932,
4933,cold biopsy
4934,
4935,snare
4936,
4937,
4938,snare
4939,
4940,
4941,
4942,
4943,
4944,
4945,
4946,
4947,snare
4948,
4949,
4950,
4951,
4952,cold biopsy
4953,
4954,snare
4955,snare
4956,
4957,
4958,
4959,
4960,
4961,
4962,
4963,snare
4964,snare
4965,
4966,cold biopsy
4967,snare
4968,
4969,
4970,
4971,
4972,
4973,
4974,
4975,
4976,snare
4977,
4978,
4979,
4980,
4981,
4982,snare
4983,snare
4984,
4985,
4986,
4987,
4988,
4989,
4990,
4991,snare
4992,
4993,cold biopsy
4994,
4995,
4996,
4997,
4998,
4999,snare
5000,
5001,
5002,
5003,
5004,
5005,
5006,biopsy forcep
5007,
5008,
5009,snare
5010,snare
5011,
5012,
5013,
5014,
5015,
5016,snare
5017,snare
5018,
5019,
5020,
5021,
5022,snare
5023,
5024,
5025,
5026,snare
5027,snare
5028,
5029,
5030,snare
5031,snare
5032,
5033,
5034,
5035,snare
5036,snare
5037,snare
5038,excisional biopsy
5039,
5040,
5041,
5042,
5043,
5044,
5045,snare
5046,
5047,
5048,
5049,
5050,
5051,
5052,
5053,
5054,
5055,snare
5056,snare
5057,
5058,
5059,snare
5060,snare
5061,
5062,snare
5063,
5064,biopsy forcep
5065,
5066,
5067,
5068,
5069,snare
5070,
5071,
5072,
5073,
5074,snare
5075,
5076,
5077,snare
5078,
5079,
5080,
5081,
5082,
5083,
5084,
5085,
5086,
5087,snare
5088,
5089,snare
5090,
5091,
5092,
5093,
5094,
5095,snare
5096,snare
5097,
5098,
5099,
5100,
5101,snare
5102,
5103,
5104,
5105,
5106,cold biopsy
5107,cold biopsy
5108,
5109,
5110,
5111,
5112,
5113,
5114,snare
5115,
5116,snare
5117,snare
5118,snare
5119,
5120,
5121,
5122,
5123,
5124,snare
5125,
5126,
5127,
5128,
5129,
5130,
5131,
5132,
5133,
5134,
5135,
5136,
5137,
5138,
5139,
5140,
5141,
5142,
5143,snare
5144,
5145,
5146,
5147,
5148,
5149,
5150,
5151,
5152,snare
5153,snare
5154,snare
5155,
5156,
5157,
5158,
5159,
5160,
5161,
5162,snare
5163,snare
5164,cold biopsy
5165,
5166,
5167,
5168,
5169,
5170,snare
5171,
5172,
5173,
5174,
5175,
5176,
5177,
5178,
5179,
5180,
5181,cold biopsy
5182,
5183,
5184,
5185,
5186,
5187,excisional biopsy
5188,
5189,
5190,
5191,
5192,
5193,snare
5194,
5195,
5196,
5197,snare
5198,
5199,
5200,
5201,
5202,
5203,
5204,
5205,snare
5206,
5207,
5208,
5209,
5210,
5211,
5212,
5213,snare
5214,snare
5215,snare
5216,
5217,
5218,
5219,
5220,
5221,
5222,
5223,snare
5224,
5225,
5226,
5227,snare
5228,
5229,
5230,
5231,
5232,excisional biopsy
5233,snare
5234,
5235,
5236,
5237,
5238,
5239,
5240,
5241,snare
5242,cold biopsy
5243,
5244,snare
5245,
5246,
5247,snare
5248,
5249,snare
5250,
5251,snare
5252,
5253,
5254,
5255,
5256,
5257,
5258,
5259,snare
5260,
5261,
5262,
5263,
5264,
5265,
5266,
5267,
5268,
5269,
5270,
5271,snare
5272,
5273,
5274,
5275,
5276,
5277,
5278,
5279,
5280,biopsy forcep
5281,
5282,snare
5283,
5284,snare
5285,
5286,
5287,
5288,
5289,
5290,
5291,snare
5292,
5293,
5294,
5295,
5296,
5297,
5298,
5299,
5300,snare
5301,cold biopsy
5302,
5303,
5304,
5305,
5306,
5307,snare
5308,cold biopsy
5309,
5310,snare
5311,snare
5312,
5313,
5314,
5315,
5316,
5317,
5318,
5319,
5320,
5321,
5322,
5323,
5324,
5325,
5326,
5327,
5328,
5329,snare
5330,cold biopsy
5331,
5332,
5333,
5334,
5335,cold biopsy
5336,
5337,
5338,
5339,
5340,
5341,
5342,snare
5343,
5344,
5345,
5346,
5347,
5348,snare
5349,excisional biopsy
5350,
5351,snare
5352,snare
5353,
5354,
5355,
5356,
5357,
5358,
5359,cold biopsy
5360,
5361,
5362,
5363,snare
5364,snare
5365,snare
5366,
5367,
5368,
5369,
5370,
5371,snare
5372,cold biopsy
5373,snare
5374,snare
5375,
5376,
5377,snare
5378,
5379,
5380,
5381,
5382,
5383,snare
5384,
5385,
5386,snare
5387,snare
5388,
5389,
5390,
5391,snare
5392,
5393,
5394,
5395,
5396,snare
5397,
5398,snare
5399,
5400,
5401,snare
5402,
5403,
5404,
5405,
5406,
5407,
5408,
5409,
5410,
5411,
5412,snare
5413,
5414,
5415,
5416,
5417,
5418,
5419,
5420,
5421,
5422,
5423,
5424,
5425,cold biopsy
5426,snare
5427,snare
5428,
5429,
5430,
5431,
5432,
5433,snare
5434,
5435,snare
5436,snare
5437,
5438,
5439,
5440,
5441,snare
5442,
5443,snare
5444,
5445,
5446,
5447,
5448,snare
5449,
5450,
5451,
5452,
5453,
5454,snare
5455,
5456,
5457,
5458,snare
5459,
5460,
5461,
5462,snare
5463,
5464,
5465,cold biopsy
5466,snare
5467,snare
5468,
5469,
5470,
5471,snare
5472,snare
5473,snare
5474,snare
5475,snare
5476,
5477,
5478,
5479,
5480,
5481,
5482,
5483,
5484,
5485,
5486,
5487,
5488,
5489,
5490,
5491,snare
5492,snare
5493,
5494,
5495,
5496,
5497,
5498,
5499,
5500,
5501,
5502,snare
5503,snare
5504,snare
5505,
5506,
5507,cold biopsy
5508,
5509,
5510,
5511,
5512,
5513,
5514,
5515,
5516,
5517,
5518,
5519,
5520,
5521,snare
5522,
5523,
5524,
5525,snare
5526,
5527,
5528,
5529,
5530,excisional biopsy
5531,
5532,
5533,
5534,
5535,
5536,
5537,snare
5538,
5539,
5540,
5541,
5542,
5543,
5544,excisional biopsy
5545,
5546,snare
5547,snare
5548,
5549,
5550,
5551,
5552,
5553,
5554,
5555,
5556,
5557,cold biopsy
5558,
5559,
5560,snare
5561,snare
5562,
5563,
5564,
5565,
5566,snare
5567,snare
5568,
5569,
5570,snare
5571,
5572,
5573,
5574,
5575,
5576,
5577,
5578,
5579,biopsy forcep
5580,
5581,snare
5582,
5583,
5584,
5585,
5586,
5587,
5588,snare
5589,snare
5590,
5591,
5592,
5593,
5594,
5595,
5596,
5597,
5598,
5599,
5600,
5601,
5602,snare
5603,
5604,
5605,
5606,
5607,
5608,
5609,snare
5610,
5611,snare
5612,
5613,
5614,
5615,
5616,
5617,
5618,
5619,
5620,
5621,
5622,
5623,
5624,
5625,snare
5626,
5627,snare
5628,snare
5629,
5630,
5631,
5632,
5633,
5634,
5635,
5636,
5637,
5638,
5639,
5640,snare
5641,
5642,snare
5643,snare
5644,
5645,
5646,
5647,cold biopsy
5648,
5649,
5650,snare
5651,
5652,
5653,
5654,
5655,
5656,
5657,
5658,snare
5659,snare
5660,snare
5661,
5662,
5663,
5664,
5665,
5666,
5667,
5668,
5669,
5670,
5671,
5672,
5673,
5674,
5675,
5676,
5677,snare
5678,
5679,snare
5680,
5681,snare
5682,
5683,snare
5684,snare
5685,cold biopsy
5686,
5687,